Species,Reg spec no,ID (tank),Duration ,Treat,ID (system),Resp O2 ,NPP O2,GPP O2 ,Position,ID (algae),DMSP ,w [mm],h [mm],Area [cm**2],[NO2]- [µmol/l],NO3+NO2 [µmol/l],[NH4]+ [µmol/l],Si(OH)4 [µmol/l],PO4 [µmol/l],[NO3]- [µmol/l],Migration [cm],Temp [°C],Temp std dev [±],Sal,Sal std dev [±],Potentiometric-pH,pH std dev [±],AT [µmol/kg],AT std dev [±],pCO2water_SST_wet [µatm] (Calculated using CO2SYS),pCO2 std dev [±],[HCO3]- [µmol/kg] (Calculated using CO2SYS),[HCO3]- std dev [±],[CO3]2- [µmol/kg] (Calculated using CO2SYS),[CO3]2- std dev [±],CSC flag,pH (Calculated using seacarb afte...),CO2 [µmol/kg],fCO2water_SST_wet [µatm],pCO2water_SST_wet [µatm] (Calculated using seacarb afte...),[HCO3]- [µmol/kg] (Calculated using seacarb afte...),[CO3]2- [µmol/kg] (Calculated using seacarb afte...),DIC [µmol/kg],Omega Arg,Omega Cal
Palmaria palmata (macroalgae),145771,4,0,pCO2=2000 ppm,,-0.006649616,0.023401535,0.030051151,,,,,,,,,,,,,,15.9,0.1,35,2.5,7.9,0.04,2738.7,129.8,960.27,123.1,2461.22,118.8,115.28,10.98,26,7.78,34.48,945.65,949.04,2461.99,115.32,2611.78,1.77,2.75
Palmaria palmata (macroalgae),145771,8,0,pCO2=2000 ppm,,-0.019921316,0.049570815,0.069492132,,,,,,,,,,,,,,15.9,0.1,35,2.5,7.9,0.04,2738.7,129.8,960.27,123.1,2461.22,118.8,115.28,10.98,26,7.78,34.48,945.65,949.04,2461.99,115.32,2611.78,1.77,2.75
Palmaria palmata (macroalgae),145771,12,0,pCO2=2000 ppm,,-0.024742931,0.040681234,0.065424165,,,,,,,,,,,,,,15.9,0.1,35,2.5,7.9,0.04,2738.7,129.8,960.27,123.1,2461.22,118.8,115.28,10.98,26,7.78,34.48,945.65,949.04,2461.99,115.32,2611.78,1.77,2.75
Palmaria palmata (macroalgae),145771,16,0,pCO2=2000 ppm,,-0.067156863,0.05516934,0.122326203,,,,,,,,,,,,,,15.9,0.1,35,2.5,7.9,0.04,2738.7,129.8,960.27,123.1,2461.22,118.8,115.28,10.98,26,7.78,34.48,945.65,949.04,2461.99,115.32,2611.78,1.77,2.75
Palmaria palmata (macroalgae),145771,24,0,pCO2=2000 ppm,,-0.041879252,0.031420068,0.07329932,,,,,,,,,,,,,,15.9,0.1,35,2.5,7.9,0.04,2738.7,129.8,960.27,123.1,2461.22,118.8,115.28,10.98,26,7.78,34.48,945.65,949.04,2461.99,115.32,2611.78,1.77,2.75
Palmaria palmata (macroalgae),145771,27,0,pCO2=2000 ppm,,-0.021737726,0.000484496,0.022222222,,,,,,,,,,,,,,15.9,0.1,35,2.5,7.9,0.04,2738.7,129.8,960.27,123.1,2461.22,118.8,115.28,10.98,26,7.78,34.48,945.65,949.04,2461.99,115.32,2611.78,1.77,2.75
Palmaria palmata (macroalgae),145771,2,0,pCO2=380 ppm,,-0.029861111,0.065426587,0.095287698,,,,,,,,,,,,,,15.8,0.2,35.1,2.4,8.02,0.02,2718.7,167.4,689.7,43.73,2362.98,127.36,147.6,18.81,26,7.91,25.16,688.5,690.97,2367.54,146.11,2538.81,2.24,3.48
Palmaria palmata (macroalgae),145771,6,0,pCO2=380 ppm,,-0.131582126,0.128502415,0.260084541,,,,,,,,,,,,,,15.8,0.2,35.1,2.4,8.02,0.02,2718.7,167.4,689.7,43.73,2362.98,127.36,147.6,18.81,26,7.91,25.16,688.5,690.97,2367.54,146.11,2538.81,2.24,3.48
Palmaria palmata (macroalgae),145771,22,0,pCO2=380 ppm,,-0.026315789,0.053782895,0.080098684,,,,,,,,,,,,,,15.8,0.2,35.1,2.4,8.02,0.02,2718.7,167.4,689.7,43.73,2362.98,127.36,147.6,18.81,26,7.91,25.16,688.5,690.97,2367.54,146.11,2538.81,2.24,3.48
Palmaria palmata (macroalgae),145771,25,0,pCO2=380 ppm,,-0.05594697,0.023106061,0.07905303,,,,,,,,,,,,,,15.8,0.2,35.1,2.4,8.02,0.02,2718.7,167.4,689.7,43.73,2362.98,127.36,147.6,18.81,26,7.91,25.16,688.5,690.97,2367.54,146.11,2538.81,2.24,3.48
Palmaria palmata (macroalgae),145771,26,0,pCO2=380 ppm,,-0.06058642,0.003271605,0.063858025,,,,,,,,,,,,,,15.8,0.2,35.1,2.4,8.02,0.02,2718.7,167.4,689.7,43.73,2362.98,127.36,147.6,18.81,26,7.91,25.16,688.5,690.97,2367.54,146.11,2538.81,2.24,3.48
Palmaria palmata (macroalgae),145771,4,4,pCO2=2000 ppm,,-0.009974425,0.083589088,0.093563512,,,,,,,,,,,,,,15.9,0.1,36,2,7.85,0.05,2745.5,89.2,1066.92,157.28,2484.87,82.25,108.23,12.12,26,7.74,38.67,1066.46,1070.28,2488.88,106.66,2634.21,1.63,2.53
Palmaria palmata (macroalgae),145771,5,4,pCO2=2000 ppm,,-0.041922095,0.028256705,0.070178799,,,,,,,,,,,,,,15.9,0.1,36,2,7.85,0.05,2745.5,89.2,1066.92,157.28,2484.87,82.25,108.23,12.12,26,7.74,38.67,1066.46,1070.28,2488.88,106.66,2634.21,1.63,2.53
Palmaria palmata (macroalgae),145771,8,4,pCO2=2000 ppm,,-0.016523605,0.153254649,0.169778255,,,,,,,,,,,,,,15.9,0.1,36,2,7.85,0.05,2745.5,89.2,1066.92,157.28,2484.87,82.25,108.23,12.12,26,7.74,38.67,1066.46,1070.28,2488.88,106.66,2634.21,1.63,2.53
Palmaria palmata (macroalgae),145771,11,4,pCO2=2000 ppm,,-0.018500644,0.080212355,0.098712999,,,,,,,,,,,,,,15.9,0.1,36,2,7.85,0.05,2745.5,89.2,1066.92,157.28,2484.87,82.25,108.23,12.12,26,7.74,38.67,1066.46,1070.28,2488.88,106.66,2634.21,1.63,2.53
Palmaria palmata (macroalgae),145771,12,4,pCO2=2000 ppm,,-0.025985433,0.046486718,0.072472151,,,,,,,,,,,,,,15.9,0.1,36,2,7.85,0.05,2745.5,89.2,1066.92,157.28,2484.87,82.25,108.23,12.12,26,7.74,38.67,1066.46,1070.28,2488.88,106.66,2634.21,1.63,2.53
Palmaria palmata (macroalgae),145771,23,4,pCO2=2000 ppm,,-0.000778458,0.021924451,0.02270291,,,,,,,,,,,,,,15.9,0.1,36,2,7.85,0.05,2745.5,89.2,1066.92,157.28,2484.87,82.25,108.23,12.12,26,7.74,38.67,1066.46,1070.28,2488.88,106.66,2634.21,1.63,2.53
Palmaria palmata (macroalgae),145771,27,4,pCO2=2000 ppm,,-0.020736434,0.03872739,0.059463824,,,,,,,,,,,,,,15.9,0.1,36,2,7.85,0.05,2745.5,89.2,1066.92,157.28,2484.87,82.25,108.23,12.12,26,7.74,38.67,1066.46,1070.28,2488.88,106.66,2634.21,1.63,2.53
Palmaria palmata (macroalgae),145771,2,4,pCO2=380 ppm,,-0.042410714,0.171825397,0.214236111,,,,,,,,,,,,,,15.8,0.1,36.1,2,8.01,0.01,2735,90.6,699.78,34.55,2376.07,70.31,149,8.7,26,7.9,25.59,704.2,706.73,2380.1,147.35,2553.05,2.25,3.49
Palmaria palmata (macroalgae),145771,6,4,pCO2=380 ppm,,-0.101630435,0.154710145,0.25634058,,,,,,,,,,,,,,15.8,0.1,36.1,2,8.01,0.01,2735,90.6,699.78,34.55,2376.07,70.31,149,8.7,26,7.9,25.59,704.2,706.73,2380.1,147.35,2553.05,2.25,3.49
Palmaria palmata (macroalgae),145771,9,4,pCO2=380 ppm,,-0.020776256,0.058242009,0.079018265,,,,,,,,,,,,,,15.8,0.1,36.1,2,8.01,0.01,2735,90.6,699.78,34.55,2376.07,70.31,149,8.7,26,7.9,25.59,704.2,706.73,2380.1,147.35,2553.05,2.25,3.49
Palmaria palmata (macroalgae),145771,18,4,pCO2=380 ppm,,-0.036370056,0.040748588,0.077118644,,,,,,,,,,,,,,15.8,0.1,36.1,2,8.01,0.01,2735,90.6,699.78,34.55,2376.07,70.31,149,8.7,26,7.9,25.59,704.2,706.73,2380.1,147.35,2553.05,2.25,3.49
Palmaria palmata (macroalgae),145771,22,4,pCO2=380 ppm,,-0.032154605,0.061129386,0.093283991,,,,,,,,,,,,,,15.8,0.1,36.1,2,8.01,0.01,2735,90.6,699.78,34.55,2376.07,70.31,149,8.7,26,7.9,25.59,704.2,706.73,2380.1,147.35,2553.05,2.25,3.49
Palmaria palmata (macroalgae),145771,25,4,pCO2=380 ppm,,-0.038333333,0.109318182,0.147651515,,,,,,,,,,,,,,15.8,0.1,36.1,2,8.01,0.01,2735,90.6,699.78,34.55,2376.07,70.31,149,8.7,26,7.9,25.59,704.2,706.73,2380.1,147.35,2553.05,2.25,3.49
Palmaria palmata (macroalgae),145771,26,4,pCO2=380 ppm,,-0.045833333,0.068580247,0.11441358,,,,,,,,,,,,,,15.8,0.1,36.1,2,8.01,0.01,2735,90.6,699.78,34.55,2376.07,70.31,149,8.7,26,7.9,25.59,704.2,706.73,2380.1,147.35,2553.05,2.25,3.49
Palmaria palmata (macroalgae),145771,30,4,pCO2=380 ppm,,-0.123958333,0.3015625,0.425520833,,,,,,,,,,,,,,15.8,0.1,36.1,2,8.01,0.01,2735,90.6,699.78,34.55,2376.07,70.31,149,8.7,26,7.9,25.59,704.2,706.73,2380.1,147.35,2553.05,2.25,3.49
Palmaria palmata (macroalgae),145771,1,0,pCO2=2000 ppm,,,,,base of the frond,,0.327789338,,,,,,,,,,,15.9,0.1,35,2.5,7.9,0.04,2738.7,129.8,960.27,123.1,2461.22,118.8,115.28,10.98,26,7.78,34.48,945.65,949.04,2461.99,115.32,2611.78,1.77,2.75
Palmaria palmata (macroalgae),145771,1,0,pCO2=2000 ppm,,,,,tip of the frond,,1.104669373,,,,,,,,,,,15.9,0.1,35,2.5,7.9,0.04,2738.7,129.8,960.27,123.1,2461.22,118.8,115.28,10.98,26,7.78,34.48,945.65,949.04,2461.99,115.32,2611.78,1.77,2.75
Palmaria palmata (macroalgae),145771,2,0,pCO2=380 ppm,,,,,base of the frond,,0.243034431,,,,,,,,,,,15.8,0.2,35.1,2.4,8.02,0.02,2718.7,167.4,689.7,43.73,2362.98,127.36,147.6,18.81,26,7.91,25.16,688.5,690.97,2367.54,146.11,2538.81,2.24,3.48
Palmaria palmata (macroalgae),145771,2,0,pCO2=380 ppm,,,,,tip of the frond,,1.863240802,,,,,,,,,,,15.8,0.2,35.1,2.4,8.02,0.02,2718.7,167.4,689.7,43.73,2362.98,127.36,147.6,18.81,26,7.91,25.16,688.5,690.97,2367.54,146.11,2538.81,2.24,3.48
Palmaria palmata (macroalgae),145771,3,0,pCO2=380 ppm,,,,,base of the frond,,1.451703942,,,,,,,,,,,15.8,0.2,35.1,2.4,8.02,0.02,2718.7,167.4,689.7,43.73,2362.98,127.36,147.6,18.81,26,7.91,25.16,688.5,690.97,2367.54,146.11,2538.81,2.24,3.48
Palmaria palmata (macroalgae),145771,3,0,pCO2=380 ppm,,,,,tip of the frond,,2.321142354,,,,,,,,,,,15.8,0.2,35.1,2.4,8.02,0.02,2718.7,167.4,689.7,43.73,2362.98,127.36,147.6,18.81,26,7.91,25.16,688.5,690.97,2367.54,146.11,2538.81,2.24,3.48
Palmaria palmata (macroalgae),145771,4,0,pCO2=2000 ppm,,,,,base of the frond,,2.288087485,,,,,,,,,,,15.9,0.1,35,2.5,7.9,0.04,2738.7,129.8,960.27,123.1,2461.22,118.8,115.28,10.98,26,7.78,34.48,945.65,949.04,2461.99,115.32,2611.78,1.77,2.75
Palmaria palmata (macroalgae),145771,4,0,pCO2=2000 ppm,,,,,tip of the frond,,1.695522185,,,,,,,,,,,15.9,0.1,35,2.5,7.9,0.04,2738.7,129.8,960.27,123.1,2461.22,118.8,115.28,10.98,26,7.78,34.48,945.65,949.04,2461.99,115.32,2611.78,1.77,2.75
Palmaria palmata (macroalgae),145771,5,0,pCO2=2000 ppm,,,,,base of the frond,,3.075319405,,,,,,,,,,,15.9,0.1,35,2.5,7.9,0.04,2738.7,129.8,960.27,123.1,2461.22,118.8,115.28,10.98,26,7.78,34.48,945.65,949.04,2461.99,115.32,2611.78,1.77,2.75
Palmaria palmata (macroalgae),145771,5,0,pCO2=2000 ppm,,,,,tip of the frond,,1.075474462,,,,,,,,,,,15.9,0.1,35,2.5,7.9,0.04,2738.7,129.8,960.27,123.1,2461.22,118.8,115.28,10.98,26,7.78,34.48,945.65,949.04,2461.99,115.32,2611.78,1.77,2.75
Palmaria palmata (macroalgae),145771,6,0,pCO2=380 ppm,,,,,base of the frond,,0.248461398,,,,,,,,,,,15.8,0.2,35.1,2.4,8.02,0.02,2718.7,167.4,689.7,43.73,2362.98,127.36,147.6,18.81,26,7.91,25.16,688.5,690.97,2367.54,146.11,2538.81,2.24,3.48
Palmaria palmata (macroalgae),145771,6,0,pCO2=380 ppm,,,,,tip of the frond,,0.155369403,,,,,,,,,,,15.8,0.2,35.1,2.4,8.02,0.02,2718.7,167.4,689.7,43.73,2362.98,127.36,147.6,18.81,26,7.91,25.16,688.5,690.97,2367.54,146.11,2538.81,2.24,3.48
Palmaria palmata (macroalgae),145771,7,0,pCO2=380 ppm,,,,,base of the frond,,0.528989385,,,,,,,,,,,15.8,0.2,35.1,2.4,8.02,0.02,2718.7,167.4,689.7,43.73,2362.98,127.36,147.6,18.81,26,7.91,25.16,688.5,690.97,2367.54,146.11,2538.81,2.24,3.48
Palmaria palmata (macroalgae),145771,7,0,pCO2=380 ppm,,,,,tip of the frond,,0.289093247,,,,,,,,,,,15.8,0.2,35.1,2.4,8.02,0.02,2718.7,167.4,689.7,43.73,2362.98,127.36,147.6,18.81,26,7.91,25.16,688.5,690.97,2367.54,146.11,2538.81,2.24,3.48
Palmaria palmata (macroalgae),145771,8,0,pCO2=2000 ppm,,,,,base of the frond,,0.413106069,,,,,,,,,,,15.9,0.1,35,2.5,7.9,0.04,2738.7,129.8,960.27,123.1,2461.22,118.8,115.28,10.98,26,7.78,34.48,945.65,949.04,2461.99,115.32,2611.78,1.77,2.75
Palmaria palmata (macroalgae),145771,8,0,pCO2=2000 ppm,,,,,tip of the frond,,0.316643269,,,,,,,,,,,15.9,0.1,35,2.5,7.9,0.04,2738.7,129.8,960.27,123.1,2461.22,118.8,115.28,10.98,26,7.78,34.48,945.65,949.04,2461.99,115.32,2611.78,1.77,2.75
Palmaria palmata (macroalgae),145771,9,0,pCO2=380 ppm,,,,,base of the frond,,1.966019228,,,,,,,,,,,15.8,0.2,35.1,2.4,8.02,0.02,2718.7,167.4,689.7,43.73,2362.98,127.36,147.6,18.81,26,7.91,25.16,688.5,690.97,2367.54,146.11,2538.81,2.24,3.48
Palmaria palmata (macroalgae),145771,9,0,pCO2=380 ppm,,,,,tip of the frond,,0.141989354,,,,,,,,,,,15.8,0.2,35.1,2.4,8.02,0.02,2718.7,167.4,689.7,43.73,2362.98,127.36,147.6,18.81,26,7.91,25.16,688.5,690.97,2367.54,146.11,2538.81,2.24,3.48
Palmaria palmata (macroalgae),145771,10,0,pCO2=380 ppm,,,,,base of the frond,,0.216994035,,,,,,,,,,,15.8,0.2,35.1,2.4,8.02,0.02,2718.7,167.4,689.7,43.73,2362.98,127.36,147.6,18.81,26,7.91,25.16,688.5,690.97,2367.54,146.11,2538.81,2.24,3.48
Palmaria palmata (macroalgae),145771,10,0,pCO2=380 ppm,,,,,tip of the frond,,0.194495096,,,,,,,,,,,15.8,0.2,35.1,2.4,8.02,0.02,2718.7,167.4,689.7,43.73,2362.98,127.36,147.6,18.81,26,7.91,25.16,688.5,690.97,2367.54,146.11,2538.81,2.24,3.48
Palmaria palmata (macroalgae),145771,11,0,pCO2=2000 ppm,,,,,base of the frond,,0.494230694,,,,,,,,,,,15.9,0.1,35,2.5,7.9,0.04,2738.7,129.8,960.27,123.1,2461.22,118.8,115.28,10.98,26,7.78,34.48,945.65,949.04,2461.99,115.32,2611.78,1.77,2.75
Palmaria palmata (macroalgae),145771,11,0,pCO2=2000 ppm,,,,,tip of the frond,,0.279752569,,,,,,,,,,,15.9,0.1,35,2.5,7.9,0.04,2738.7,129.8,960.27,123.1,2461.22,118.8,115.28,10.98,26,7.78,34.48,945.65,949.04,2461.99,115.32,2611.78,1.77,2.75
Palmaria palmata (macroalgae),145771,12,0,pCO2=2000 ppm,,,,,base of the frond,,0.214586977,,,,,,,,,,,15.9,0.1,35,2.5,7.9,0.04,2738.7,129.8,960.27,123.1,2461.22,118.8,115.28,10.98,26,7.78,34.48,945.65,949.04,2461.99,115.32,2611.78,1.77,2.75
Palmaria palmata (macroalgae),145771,12,0,pCO2=2000 ppm,,,,,tip of the frond,,0.19615168,,,,,,,,,,,15.9,0.1,35,2.5,7.9,0.04,2738.7,129.8,960.27,123.1,2461.22,118.8,115.28,10.98,26,7.78,34.48,945.65,949.04,2461.99,115.32,2611.78,1.77,2.75
Palmaria palmata (macroalgae),145771,13,0,pCO2=380 ppm,,,,,base of the frond,,0.957901126,,,,,,,,,,,15.8,0.2,35.1,2.4,8.02,0.02,2718.7,167.4,689.7,43.73,2362.98,127.36,147.6,18.81,26,7.91,25.16,688.5,690.97,2367.54,146.11,2538.81,2.24,3.48
Palmaria palmata (macroalgae),145771,13,0,pCO2=380 ppm,,,,,tip of the frond,,0.320231496,,,,,,,,,,,15.8,0.2,35.1,2.4,8.02,0.02,2718.7,167.4,689.7,43.73,2362.98,127.36,147.6,18.81,26,7.91,25.16,688.5,690.97,2367.54,146.11,2538.81,2.24,3.48
Palmaria palmata (macroalgae),145771,14,0,pCO2=380 ppm,,,,,base of the frond,,0.142452322,,,,,,,,,,,15.8,0.2,35.1,2.4,8.02,0.02,2718.7,167.4,689.7,43.73,2362.98,127.36,147.6,18.81,26,7.91,25.16,688.5,690.97,2367.54,146.11,2538.81,2.24,3.48
Palmaria palmata (macroalgae),145771,14,0,pCO2=380 ppm,,,,,tip of the frond,,0.18330541,,,,,,,,,,,15.8,0.2,35.1,2.4,8.02,0.02,2718.7,167.4,689.7,43.73,2362.98,127.36,147.6,18.81,26,7.91,25.16,688.5,690.97,2367.54,146.11,2538.81,2.24,3.48
Palmaria palmata (macroalgae),145771,15,0,pCO2=2000 ppm,,,,,base of the frond,,0.825621889,,,,,,,,,,,15.9,0.1,35,2.5,7.9,0.04,2738.7,129.8,960.27,123.1,2461.22,118.8,115.28,10.98,26,7.78,34.48,945.65,949.04,2461.99,115.32,2611.78,1.77,2.75
Palmaria palmata (macroalgae),145771,15,0,pCO2=2000 ppm,,,,,tip of the frond,,0.101065282,,,,,,,,,,,15.9,0.1,35,2.5,7.9,0.04,2738.7,129.8,960.27,123.1,2461.22,118.8,115.28,10.98,26,7.78,34.48,945.65,949.04,2461.99,115.32,2611.78,1.77,2.75
Palmaria palmata (macroalgae),145771,16,0,pCO2=2000 ppm,,,,,base of the frond,,0.172700428,,,,,,,,,,,15.9,0.1,35,2.5,7.9,0.04,2738.7,129.8,960.27,123.1,2461.22,118.8,115.28,10.98,26,7.78,34.48,945.65,949.04,2461.99,115.32,2611.78,1.77,2.75
Palmaria palmata (macroalgae),145771,16,0,pCO2=2000 ppm,,,,,tip of the frond,,0.239248612,,,,,,,,,,,15.9,0.1,35,2.5,7.9,0.04,2738.7,129.8,960.27,123.1,2461.22,118.8,115.28,10.98,26,7.78,34.48,945.65,949.04,2461.99,115.32,2611.78,1.77,2.75
Palmaria palmata (macroalgae),145771,17,0,pCO2=380 ppm,,,,,base of the frond,,1.638884012,,,,,,,,,,,15.8,0.2,35.1,2.4,8.02,0.02,2718.7,167.4,689.7,43.73,2362.98,127.36,147.6,18.81,26,7.91,25.16,688.5,690.97,2367.54,146.11,2538.81,2.24,3.48
Palmaria palmata (macroalgae),145771,17,0,pCO2=380 ppm,,,,,tip of the frond,,1.328900601,,,,,,,,,,,15.8,0.2,35.1,2.4,8.02,0.02,2718.7,167.4,689.7,43.73,2362.98,127.36,147.6,18.81,26,7.91,25.16,688.5,690.97,2367.54,146.11,2538.81,2.24,3.48
Palmaria palmata (macroalgae),145771,18,0,pCO2=380 ppm,,,,,base of the frond,,0.327092766,,,,,,,,,,,15.8,0.2,35.1,2.4,8.02,0.02,2718.7,167.4,689.7,43.73,2362.98,127.36,147.6,18.81,26,7.91,25.16,688.5,690.97,2367.54,146.11,2538.81,2.24,3.48
Palmaria palmata (macroalgae),145771,18,0,pCO2=380 ppm,,,,,tip of the frond,,0.107673394,,,,,,,,,,,15.8,0.2,35.1,2.4,8.02,0.02,2718.7,167.4,689.7,43.73,2362.98,127.36,147.6,18.81,26,7.91,25.16,688.5,690.97,2367.54,146.11,2538.81,2.24,3.48
Palmaria palmata (macroalgae),145771,19,0,pCO2=2000 ppm,,,,,base of the frond,,0.227794053,,,,,,,,,,,15.9,0.1,35,2.5,7.9,0.04,2738.7,129.8,960.27,123.1,2461.22,118.8,115.28,10.98,26,7.78,34.48,945.65,949.04,2461.99,115.32,2611.78,1.77,2.75
Palmaria palmata (macroalgae),145771,19,0,pCO2=2000 ppm,,,,,tip of the frond,,0.132278369,,,,,,,,,,,15.9,0.1,35,2.5,7.9,0.04,2738.7,129.8,960.27,123.1,2461.22,118.8,115.28,10.98,26,7.78,34.48,945.65,949.04,2461.99,115.32,2611.78,1.77,2.75
Palmaria palmata (macroalgae),145771,20,0,pCO2=2000 ppm,,,,,base of the frond,,0.494760302,,,,,,,,,,,15.9,0.1,35,2.5,7.9,0.04,2738.7,129.8,960.27,123.1,2461.22,118.8,115.28,10.98,26,7.78,34.48,945.65,949.04,2461.99,115.32,2611.78,1.77,2.75
Palmaria palmata (macroalgae),145771,20,0,pCO2=2000 ppm,,,,,tip of the frond,,0.110698006,,,,,,,,,,,15.9,0.1,35,2.5,7.9,0.04,2738.7,129.8,960.27,123.1,2461.22,118.8,115.28,10.98,26,7.78,34.48,945.65,949.04,2461.99,115.32,2611.78,1.77,2.75
Palmaria palmata (macroalgae),145771,21,0,pCO2=380 ppm,,,,,base of the frond,,0.166000328,,,,,,,,,,,15.8,0.2,35.1,2.4,8.02,0.02,2718.7,167.4,689.7,43.73,2362.98,127.36,147.6,18.81,26,7.91,25.16,688.5,690.97,2367.54,146.11,2538.81,2.24,3.48
Palmaria palmata (macroalgae),145771,21,0,pCO2=380 ppm,,,,,tip of the frond,,1.126231599,,,,,,,,,,,15.8,0.2,35.1,2.4,8.02,0.02,2718.7,167.4,689.7,43.73,2362.98,127.36,147.6,18.81,26,7.91,25.16,688.5,690.97,2367.54,146.11,2538.81,2.24,3.48
Palmaria palmata (macroalgae),145771,22,0,pCO2=380 ppm,,,,,base of the frond,,0.310255217,,,,,,,,,,,15.8,0.2,35.1,2.4,8.02,0.02,2718.7,167.4,689.7,43.73,2362.98,127.36,147.6,18.81,26,7.91,25.16,688.5,690.97,2367.54,146.11,2538.81,2.24,3.48
Palmaria palmata (macroalgae),145771,22,0,pCO2=380 ppm,,,,,tip of the frond,,0.124392808,,,,,,,,,,,15.8,0.2,35.1,2.4,8.02,0.02,2718.7,167.4,689.7,43.73,2362.98,127.36,147.6,18.81,26,7.91,25.16,688.5,690.97,2367.54,146.11,2538.81,2.24,3.48
Palmaria palmata (macroalgae),145771,23,0,pCO2=2000 ppm,,,,,base of the frond,,0.19383772,,,,,,,,,,,15.9,0.1,35,2.5,7.9,0.04,2738.7,129.8,960.27,123.1,2461.22,118.8,115.28,10.98,26,7.78,34.48,945.65,949.04,2461.99,115.32,2611.78,1.77,2.75
Palmaria palmata (macroalgae),145771,24,0,pCO2=2000 ppm,,,,,base of the frond,,0.382837734,,,,,,,,,,,15.9,0.1,35,2.5,7.9,0.04,2738.7,129.8,960.27,123.1,2461.22,118.8,115.28,10.98,26,7.78,34.48,945.65,949.04,2461.99,115.32,2611.78,1.77,2.75
Palmaria palmata (macroalgae),145771,24,0,pCO2=2000 ppm,,,,,tip of the frond,,2.195989451,,,,,,,,,,,15.9,0.1,35,2.5,7.9,0.04,2738.7,129.8,960.27,123.1,2461.22,118.8,115.28,10.98,26,7.78,34.48,945.65,949.04,2461.99,115.32,2611.78,1.77,2.75
Palmaria palmata (macroalgae),145771,25,0,pCO2=380 ppm,,,,,base of the frond,,0.418856618,,,,,,,,,,,15.8,0.2,35.1,2.4,8.02,0.02,2718.7,167.4,689.7,43.73,2362.98,127.36,147.6,18.81,26,7.91,25.16,688.5,690.97,2367.54,146.11,2538.81,2.24,3.48
Palmaria palmata (macroalgae),145771,25,0,pCO2=380 ppm,,,,,tip of the frond,,0.635100454,,,,,,,,,,,15.8,0.2,35.1,2.4,8.02,0.02,2718.7,167.4,689.7,43.73,2362.98,127.36,147.6,18.81,26,7.91,25.16,688.5,690.97,2367.54,146.11,2538.81,2.24,3.48
Palmaria palmata (macroalgae),145771,26,0,pCO2=380 ppm,,,,,base of the frond,,0.122819308,,,,,,,,,,,15.8,0.2,35.1,2.4,8.02,0.02,2718.7,167.4,689.7,43.73,2362.98,127.36,147.6,18.81,26,7.91,25.16,688.5,690.97,2367.54,146.11,2538.81,2.24,3.48
Palmaria palmata (macroalgae),145771,26,0,pCO2=380 ppm,,,,,tip of the frond,,0.128921921,,,,,,,,,,,15.8,0.2,35.1,2.4,8.02,0.02,2718.7,167.4,689.7,43.73,2362.98,127.36,147.6,18.81,26,7.91,25.16,688.5,690.97,2367.54,146.11,2538.81,2.24,3.48
Palmaria palmata (macroalgae),145771,27,0,pCO2=2000 ppm,,,,,base of the frond,,0.135000479,,,,,,,,,,,15.9,0.1,35,2.5,7.9,0.04,2738.7,129.8,960.27,123.1,2461.22,118.8,115.28,10.98,26,7.78,34.48,945.65,949.04,2461.99,115.32,2611.78,1.77,2.75
Palmaria palmata (macroalgae),145771,27,0,pCO2=2000 ppm,,,,,tip of the frond,,0.16115824,,,,,,,,,,,15.9,0.1,35,2.5,7.9,0.04,2738.7,129.8,960.27,123.1,2461.22,118.8,115.28,10.98,26,7.78,34.48,945.65,949.04,2461.99,115.32,2611.78,1.77,2.75
Palmaria palmata (macroalgae),145771,28,0,pCO2=2000 ppm,,,,,base of the frond,,0.074023805,,,,,,,,,,,15.9,0.1,35,2.5,7.9,0.04,2738.7,129.8,960.27,123.1,2461.22,118.8,115.28,10.98,26,7.78,34.48,945.65,949.04,2461.99,115.32,2611.78,1.77,2.75
Palmaria palmata (macroalgae),145771,28,0,pCO2=2000 ppm,,,,,tip of the frond,,0.051724992,,,,,,,,,,,15.9,0.1,35,2.5,7.9,0.04,2738.7,129.8,960.27,123.1,2461.22,118.8,115.28,10.98,26,7.78,34.48,945.65,949.04,2461.99,115.32,2611.78,1.77,2.75
Palmaria palmata (macroalgae),145771,29,0,pCO2=380 ppm,,,,,base of the frond,,0.043538386,,,,,,,,,,,15.8,0.2,35.1,2.4,8.02,0.02,2718.7,167.4,689.7,43.73,2362.98,127.36,147.6,18.81,26,7.91,25.16,688.5,690.97,2367.54,146.11,2538.81,2.24,3.48
Palmaria palmata (macroalgae),145771,29,0,pCO2=380 ppm,,,,,tip of the frond,,0.206668662,,,,,,,,,,,15.8,0.2,35.1,2.4,8.02,0.02,2718.7,167.4,689.7,43.73,2362.98,127.36,147.6,18.81,26,7.91,25.16,688.5,690.97,2367.54,146.11,2538.81,2.24,3.48
Palmaria palmata (macroalgae),145771,30,0,pCO2=380 ppm,,,,,base of the frond,,0.160859682,,,,,,,,,,,15.8,0.2,35.1,2.4,8.02,0.02,2718.7,167.4,689.7,43.73,2362.98,127.36,147.6,18.81,26,7.91,25.16,688.5,690.97,2367.54,146.11,2538.81,2.24,3.48
Palmaria palmata (macroalgae),145771,30,0,pCO2=380 ppm,,,,,tip of the frond,,0.058431203,,,,,,,,,,,15.8,0.2,35.1,2.4,8.02,0.02,2718.7,167.4,689.7,43.73,2362.98,127.36,147.6,18.81,26,7.91,25.16,688.5,690.97,2367.54,146.11,2538.81,2.24,3.48
Palmaria palmata (macroalgae),145771,1,4,pCO2=2000 ppm,,,,,base of the frond,,0.218182952,,,,,,,,,,,15.9,0.1,36,2,7.85,0.05,2745.5,89.2,1066.92,157.28,2484.87,82.25,108.23,12.12,26,7.74,38.67,1066.46,1070.28,2488.88,106.66,2634.21,1.63,2.53
Palmaria palmata (macroalgae),145771,1,4,pCO2=2000 ppm,,,,,tip of the frond,,0.083248053,,,,,,,,,,,15.9,0.1,36,2,7.85,0.05,2745.5,89.2,1066.92,157.28,2484.87,82.25,108.23,12.12,26,7.74,38.67,1066.46,1070.28,2488.88,106.66,2634.21,1.63,2.53
Palmaria palmata (macroalgae),145771,2,4,pCO2=380 ppm,,,,,base of the frond,,0.108973574,,,,,,,,,,,15.8,0.1,36.1,2,8.01,0.01,2735,90.6,699.78,34.55,2376.07,70.31,149,8.7,26,7.9,25.59,704.2,706.73,2380.1,147.35,2553.05,2.25,3.49
Palmaria palmata (macroalgae),145771,2,4,pCO2=380 ppm,,,,,tip of the frond,,0.034459098,,,,,,,,,,,15.8,0.1,36.1,2,8.01,0.01,2735,90.6,699.78,34.55,2376.07,70.31,149,8.7,26,7.9,25.59,704.2,706.73,2380.1,147.35,2553.05,2.25,3.49
Palmaria palmata (macroalgae),145771,3,4,pCO2=380 ppm,,,,,base of the frond,,0.843654821,,,,,,,,,,,15.8,0.1,36.1,2,8.01,0.01,2735,90.6,699.78,34.55,2376.07,70.31,149,8.7,26,7.9,25.59,704.2,706.73,2380.1,147.35,2553.05,2.25,3.49
Palmaria palmata (macroalgae),145771,3,4,pCO2=380 ppm,,,,,tip of the frond,,0.03970153,,,,,,,,,,,15.8,0.1,36.1,2,8.01,0.01,2735,90.6,699.78,34.55,2376.07,70.31,149,8.7,26,7.9,25.59,704.2,706.73,2380.1,147.35,2553.05,2.25,3.49
Palmaria palmata (macroalgae),145771,4,4,pCO2=2000 ppm,,,,,base of the frond,,1.528896566,,,,,,,,,,,15.9,0.1,36,2,7.85,0.05,2745.5,89.2,1066.92,157.28,2484.87,82.25,108.23,12.12,26,7.74,38.67,1066.46,1070.28,2488.88,106.66,2634.21,1.63,2.53
Palmaria palmata (macroalgae),145771,4,4,pCO2=2000 ppm,,,,,tip of the frond,,0.345341807,,,,,,,,,,,15.9,0.1,36,2,7.85,0.05,2745.5,89.2,1066.92,157.28,2484.87,82.25,108.23,12.12,26,7.74,38.67,1066.46,1070.28,2488.88,106.66,2634.21,1.63,2.53
Palmaria palmata (macroalgae),145771,5,4,pCO2=2000 ppm,,,,,base of the frond,,1.364772992,,,,,,,,,,,15.9,0.1,36,2,7.85,0.05,2745.5,89.2,1066.92,157.28,2484.87,82.25,108.23,12.12,26,7.74,38.67,1066.46,1070.28,2488.88,106.66,2634.21,1.63,2.53
Palmaria palmata (macroalgae),145771,5,4,pCO2=2000 ppm,,,,,tip of the frond,,1.472365145,,,,,,,,,,,15.9,0.1,36,2,7.85,0.05,2745.5,89.2,1066.92,157.28,2484.87,82.25,108.23,12.12,26,7.74,38.67,1066.46,1070.28,2488.88,106.66,2634.21,1.63,2.53
Palmaria palmata (macroalgae),145771,6,4,pCO2=380 ppm,,,,,base of the frond,,0.063671074,,,,,,,,,,,15.8,0.1,36.1,2,8.01,0.01,2735,90.6,699.78,34.55,2376.07,70.31,149,8.7,26,7.9,25.59,704.2,706.73,2380.1,147.35,2553.05,2.25,3.49
Palmaria palmata (macroalgae),145771,6,4,pCO2=380 ppm,,,,,tip of the frond,,1.013780777,,,,,,,,,,,15.8,0.1,36.1,2,8.01,0.01,2735,90.6,699.78,34.55,2376.07,70.31,149,8.7,26,7.9,25.59,704.2,706.73,2380.1,147.35,2553.05,2.25,3.49
Palmaria palmata (macroalgae),145771,7,4,pCO2=380 ppm,,,,,base of the frond,,0.325985382,,,,,,,,,,,15.8,0.1,36.1,2,8.01,0.01,2735,90.6,699.78,34.55,2376.07,70.31,149,8.7,26,7.9,25.59,704.2,706.73,2380.1,147.35,2553.05,2.25,3.49
Palmaria palmata (macroalgae),145771,7,4,pCO2=380 ppm,,,,,tip of the frond,,0.102113976,,,,,,,,,,,15.8,0.1,36.1,2,8.01,0.01,2735,90.6,699.78,34.55,2376.07,70.31,149,8.7,26,7.9,25.59,704.2,706.73,2380.1,147.35,2553.05,2.25,3.49
Palmaria palmata (macroalgae),145771,8,4,pCO2=2000 ppm,,,,,base of the frond,,0.317317988,,,,,,,,,,,15.9,0.1,36,2,7.85,0.05,2745.5,89.2,1066.92,157.28,2484.87,82.25,108.23,12.12,26,7.74,38.67,1066.46,1070.28,2488.88,106.66,2634.21,1.63,2.53
Palmaria palmata (macroalgae),145771,8,4,pCO2=2000 ppm,,,,,tip of the frond,,0.043881377,,,,,,,,,,,15.9,0.1,36,2,7.85,0.05,2745.5,89.2,1066.92,157.28,2484.87,82.25,108.23,12.12,26,7.74,38.67,1066.46,1070.28,2488.88,106.66,2634.21,1.63,2.53
Palmaria palmata (macroalgae),145771,9,4,pCO2=380 ppm,,,,,base of the frond,,1.778916665,,,,,,,,,,,15.8,0.1,36.1,2,8.01,0.01,2735,90.6,699.78,34.55,2376.07,70.31,149,8.7,26,7.9,25.59,704.2,706.73,2380.1,147.35,2553.05,2.25,3.49
Palmaria palmata (macroalgae),145771,9,4,pCO2=380 ppm,,,,,tip of the frond,,0.031016649,,,,,,,,,,,15.8,0.1,36.1,2,8.01,0.01,2735,90.6,699.78,34.55,2376.07,70.31,149,8.7,26,7.9,25.59,704.2,706.73,2380.1,147.35,2553.05,2.25,3.49
Palmaria palmata (macroalgae),145771,10,4,pCO2=380 ppm,,,,,base of the frond,,0.870191877,,,,,,,,,,,15.8,0.1,36.1,2,8.01,0.01,2735,90.6,699.78,34.55,2376.07,70.31,149,8.7,26,7.9,25.59,704.2,706.73,2380.1,147.35,2553.05,2.25,3.49
Palmaria palmata (macroalgae),145771,10,4,pCO2=380 ppm,,,,,tip of the frond,,0.138152377,,,,,,,,,,,15.8,0.1,36.1,2,8.01,0.01,2735,90.6,699.78,34.55,2376.07,70.31,149,8.7,26,7.9,25.59,704.2,706.73,2380.1,147.35,2553.05,2.25,3.49
Palmaria palmata (macroalgae),145771,11,4,pCO2=2000 ppm,,,,,base of the frond,,0.03936371,,,,,,,,,,,15.9,0.1,36,2,7.85,0.05,2745.5,89.2,1066.92,157.28,2484.87,82.25,108.23,12.12,26,7.74,38.67,1066.46,1070.28,2488.88,106.66,2634.21,1.63,2.53
Palmaria palmata (macroalgae),145771,11,4,pCO2=2000 ppm,,,,,tip of the frond,,0.022966474,,,,,,,,,,,15.9,0.1,36,2,7.85,0.05,2745.5,89.2,1066.92,157.28,2484.87,82.25,108.23,12.12,26,7.74,38.67,1066.46,1070.28,2488.88,106.66,2634.21,1.63,2.53
Palmaria palmata (macroalgae),145771,12,4,pCO2=2000 ppm,,,,,base of the frond,,0.726556186,,,,,,,,,,,15.9,0.1,36,2,7.85,0.05,2745.5,89.2,1066.92,157.28,2484.87,82.25,108.23,12.12,26,7.74,38.67,1066.46,1070.28,2488.88,106.66,2634.21,1.63,2.53
Palmaria palmata (macroalgae),145771,12,4,pCO2=2000 ppm,,,,,tip of the frond,,0.025552328,,,,,,,,,,,15.9,0.1,36,2,7.85,0.05,2745.5,89.2,1066.92,157.28,2484.87,82.25,108.23,12.12,26,7.74,38.67,1066.46,1070.28,2488.88,106.66,2634.21,1.63,2.53
Palmaria palmata (macroalgae),145771,13,4,pCO2=380 ppm,,,,,base of the frond,,0.05908773,,,,,,,,,,,15.8,0.1,36.1,2,8.01,0.01,2735,90.6,699.78,34.55,2376.07,70.31,149,8.7,26,7.9,25.59,704.2,706.73,2380.1,147.35,2553.05,2.25,3.49
Palmaria palmata (macroalgae),145771,13,4,pCO2=380 ppm,,,,,tip of the frond,,0.389896916,,,,,,,,,,,15.8,0.1,36.1,2,8.01,0.01,2735,90.6,699.78,34.55,2376.07,70.31,149,8.7,26,7.9,25.59,704.2,706.73,2380.1,147.35,2553.05,2.25,3.49
Palmaria palmata (macroalgae),145771,14,4,pCO2=380 ppm,,,,,base of the frond,,0.135126895,,,,,,,,,,,15.8,0.1,36.1,2,8.01,0.01,2735,90.6,699.78,34.55,2376.07,70.31,149,8.7,26,7.9,25.59,704.2,706.73,2380.1,147.35,2553.05,2.25,3.49
Palmaria palmata (macroalgae),145771,14,4,pCO2=380 ppm,,,,,tip of the frond,,0.033753699,,,,,,,,,,,15.8,0.1,36.1,2,8.01,0.01,2735,90.6,699.78,34.55,2376.07,70.31,149,8.7,26,7.9,25.59,704.2,706.73,2380.1,147.35,2553.05,2.25,3.49
Palmaria palmata (macroalgae),145771,15,4,pCO2=2000 ppm,,,,,base of the frond,,0.258938999,,,,,,,,,,,15.9,0.1,36,2,7.85,0.05,2745.5,89.2,1066.92,157.28,2484.87,82.25,108.23,12.12,26,7.74,38.67,1066.46,1070.28,2488.88,106.66,2634.21,1.63,2.53
Palmaria palmata (macroalgae),145771,15,4,pCO2=2000 ppm,,,,,tip of the frond,,0.071959282,,,,,,,,,,,15.9,0.1,36,2,7.85,0.05,2745.5,89.2,1066.92,157.28,2484.87,82.25,108.23,12.12,26,7.74,38.67,1066.46,1070.28,2488.88,106.66,2634.21,1.63,2.53
Palmaria palmata (macroalgae),145771,16,4,pCO2=2000 ppm,,,,,base of the frond,,0.274908637,,,,,,,,,,,15.9,0.1,36,2,7.85,0.05,2745.5,89.2,1066.92,157.28,2484.87,82.25,108.23,12.12,26,7.74,38.67,1066.46,1070.28,2488.88,106.66,2634.21,1.63,2.53
Palmaria palmata (macroalgae),145771,16,4,pCO2=2000 ppm,,,,,tip of the frond,,0.050664927,,,,,,,,,,,15.9,0.1,36,2,7.85,0.05,2745.5,89.2,1066.92,157.28,2484.87,82.25,108.23,12.12,26,7.74,38.67,1066.46,1070.28,2488.88,106.66,2634.21,1.63,2.53
Palmaria palmata (macroalgae),145771,17,4,pCO2=380 ppm,,,,,base of the frond,,1.626212505,,,,,,,,,,,15.8,0.1,36.1,2,8.01,0.01,2735,90.6,699.78,34.55,2376.07,70.31,149,8.7,26,7.9,25.59,704.2,706.73,2380.1,147.35,2553.05,2.25,3.49
Palmaria palmata (macroalgae),145771,17,4,pCO2=380 ppm,,,,,tip of the frond,,0.042041281,,,,,,,,,,,15.8,0.1,36.1,2,8.01,0.01,2735,90.6,699.78,34.55,2376.07,70.31,149,8.7,26,7.9,25.59,704.2,706.73,2380.1,147.35,2553.05,2.25,3.49
Palmaria palmata (macroalgae),145771,18,4,pCO2=380 ppm,,,,,base of the frond,,3.27031622,,,,,,,,,,,15.8,0.1,36.1,2,8.01,0.01,2735,90.6,699.78,34.55,2376.07,70.31,149,8.7,26,7.9,25.59,704.2,706.73,2380.1,147.35,2553.05,2.25,3.49
Palmaria palmata (macroalgae),145771,18,4,pCO2=380 ppm,,,,,tip of the frond,,0.182270286,,,,,,,,,,,15.8,0.1,36.1,2,8.01,0.01,2735,90.6,699.78,34.55,2376.07,70.31,149,8.7,26,7.9,25.59,704.2,706.73,2380.1,147.35,2553.05,2.25,3.49
Palmaria palmata (macroalgae),145771,19,4,pCO2=2000 ppm,,,,,base of the frond,,0.863996457,,,,,,,,,,,15.9,0.1,36,2,7.85,0.05,2745.5,89.2,1066.92,157.28,2484.87,82.25,108.23,12.12,26,7.74,38.67,1066.46,1070.28,2488.88,106.66,2634.21,1.63,2.53
Palmaria palmata (macroalgae),145771,19,4,pCO2=2000 ppm,,,,,tip of the frond,,0.475675829,,,,,,,,,,,15.9,0.1,36,2,7.85,0.05,2745.5,89.2,1066.92,157.28,2484.87,82.25,108.23,12.12,26,7.74,38.67,1066.46,1070.28,2488.88,106.66,2634.21,1.63,2.53
Palmaria palmata (macroalgae),145771,20,4,pCO2=2000 ppm,,,,,base of the frond,,0.05315388,,,,,,,,,,,15.9,0.1,36,2,7.85,0.05,2745.5,89.2,1066.92,157.28,2484.87,82.25,108.23,12.12,26,7.74,38.67,1066.46,1070.28,2488.88,106.66,2634.21,1.63,2.53
Palmaria palmata (macroalgae),145771,20,4,pCO2=2000 ppm,,,,,tip of the frond,,2.650464286,,,,,,,,,,,15.9,0.1,36,2,7.85,0.05,2745.5,89.2,1066.92,157.28,2484.87,82.25,108.23,12.12,26,7.74,38.67,1066.46,1070.28,2488.88,106.66,2634.21,1.63,2.53
Palmaria palmata (macroalgae),145771,21,4,pCO2=380 ppm,,,,,base of the frond,,1.495172017,,,,,,,,,,,15.8,0.1,36.1,2,8.01,0.01,2735,90.6,699.78,34.55,2376.07,70.31,149,8.7,26,7.9,25.59,704.2,706.73,2380.1,147.35,2553.05,2.25,3.49
Palmaria palmata (macroalgae),145771,21,4,pCO2=380 ppm,,,,,tip of the frond,,3.413048777,,,,,,,,,,,15.8,0.1,36.1,2,8.01,0.01,2735,90.6,699.78,34.55,2376.07,70.31,149,8.7,26,7.9,25.59,704.2,706.73,2380.1,147.35,2553.05,2.25,3.49
Palmaria palmata (macroalgae),145771,22,4,pCO2=380 ppm,,,,,base of the frond,,0.051387657,,,,,,,,,,,15.8,0.1,36.1,2,8.01,0.01,2735,90.6,699.78,34.55,2376.07,70.31,149,8.7,26,7.9,25.59,704.2,706.73,2380.1,147.35,2553.05,2.25,3.49
Palmaria palmata (macroalgae),145771,22,4,pCO2=380 ppm,,,,,tip of the frond,,0.53943615,,,,,,,,,,,15.8,0.1,36.1,2,8.01,0.01,2735,90.6,699.78,34.55,2376.07,70.31,149,8.7,26,7.9,25.59,704.2,706.73,2380.1,147.35,2553.05,2.25,3.49
Palmaria palmata (macroalgae),145771,23,4,pCO2=2000 ppm,,,,,base of the frond,,0.307908891,,,,,,,,,,,15.9,0.1,36,2,7.85,0.05,2745.5,89.2,1066.92,157.28,2484.87,82.25,108.23,12.12,26,7.74,38.67,1066.46,1070.28,2488.88,106.66,2634.21,1.63,2.53
Palmaria palmata (macroalgae),145771,24,4,pCO2=2000 ppm,,,,,base of the frond,,0.276085059,,,,,,,,,,,15.9,0.1,36,2,7.85,0.05,2745.5,89.2,1066.92,157.28,2484.87,82.25,108.23,12.12,26,7.74,38.67,1066.46,1070.28,2488.88,106.66,2634.21,1.63,2.53
Palmaria palmata (macroalgae),145771,25,4,pCO2=380 ppm,,,,,base of the frond,,3.124882696,,,,,,,,,,,15.8,0.1,36.1,2,8.01,0.01,2735,90.6,699.78,34.55,2376.07,70.31,149,8.7,26,7.9,25.59,704.2,706.73,2380.1,147.35,2553.05,2.25,3.49
Palmaria palmata (macroalgae),145771,25,4,pCO2=380 ppm,,,,,tip of the frond,,0.947463323,,,,,,,,,,,15.8,0.1,36.1,2,8.01,0.01,2735,90.6,699.78,34.55,2376.07,70.31,149,8.7,26,7.9,25.59,704.2,706.73,2380.1,147.35,2553.05,2.25,3.49
Palmaria palmata (macroalgae),145771,26,4,pCO2=380 ppm,,,,,tip of the frond,,2.431976471,,,,,,,,,,,15.8,0.1,36.1,2,8.01,0.01,2735,90.6,699.78,34.55,2376.07,70.31,149,8.7,26,7.9,25.59,704.2,706.73,2380.1,147.35,2553.05,2.25,3.49
Palmaria palmata (macroalgae),145771,27,4,pCO2=2000 ppm,,,,,base of the frond,,0.076037849,,,,,,,,,,,15.9,0.1,36,2,7.85,0.05,2745.5,89.2,1066.92,157.28,2484.87,82.25,108.23,12.12,26,7.74,38.67,1066.46,1070.28,2488.88,106.66,2634.21,1.63,2.53
Palmaria palmata (macroalgae),145771,27,4,pCO2=2000 ppm,,,,,tip of the frond,,0.958352287,,,,,,,,,,,15.9,0.1,36,2,7.85,0.05,2745.5,89.2,1066.92,157.28,2484.87,82.25,108.23,12.12,26,7.74,38.67,1066.46,1070.28,2488.88,106.66,2634.21,1.63,2.53
Palmaria palmata (macroalgae),145771,28,4,pCO2=2000 ppm,,,,,base of the frond,,0.412374962,,,,,,,,,,,15.9,0.1,36,2,7.85,0.05,2745.5,89.2,1066.92,157.28,2484.87,82.25,108.23,12.12,26,7.74,38.67,1066.46,1070.28,2488.88,106.66,2634.21,1.63,2.53
Palmaria palmata (macroalgae),145771,28,4,pCO2=2000 ppm,,,,,tip of the frond,,1.44974367,,,,,,,,,,,15.9,0.1,36,2,7.85,0.05,2745.5,89.2,1066.92,157.28,2484.87,82.25,108.23,12.12,26,7.74,38.67,1066.46,1070.28,2488.88,106.66,2634.21,1.63,2.53
Palmaria palmata (macroalgae),145771,29,4,pCO2=380 ppm,,,,,base of the frond,,0.332412549,,,,,,,,,,,15.8,0.1,36.1,2,8.01,0.01,2735,90.6,699.78,34.55,2376.07,70.31,149,8.7,26,7.9,25.59,704.2,706.73,2380.1,147.35,2553.05,2.25,3.49
Palmaria palmata (macroalgae),145771,29,4,pCO2=380 ppm,,,,,tip of the frond,,0.645562799,,,,,,,,,,,15.8,0.1,36.1,2,8.01,0.01,2735,90.6,699.78,34.55,2376.07,70.31,149,8.7,26,7.9,25.59,704.2,706.73,2380.1,147.35,2553.05,2.25,3.49
Palmaria palmata (macroalgae),145771,30,4,pCO2=380 ppm,,,,,base of the frond,,0.628750918,,,,,,,,,,,15.8,0.1,36.1,2,8.01,0.01,2735,90.6,699.78,34.55,2376.07,70.31,149,8.7,26,7.9,25.59,704.2,706.73,2380.1,147.35,2553.05,2.25,3.49
Palmaria palmata (macroalgae),145771,30,4,pCO2=380 ppm,,,,,tip of the frond,,0.075081363,,,,,,,,,,,15.8,0.1,36.1,2,8.01,0.01,2735,90.6,699.78,34.55,2376.07,70.31,149,8.7,26,7.9,25.59,704.2,706.73,2380.1,147.35,2553.05,2.25,3.49
Palmaria palmata (macroalgae),145771,1,4,pCO2=2000 ppm,,,,,base of the frond,,,17,,20.02765317,,,,,,,,15.9,0.1,36,2,7.85,0.05,2745.5,89.2,1066.92,157.28,2484.87,82.25,108.23,12.12,26,7.74,38.67,1066.46,1070.28,2488.88,106.66,2634.21,1.63,2.53
Palmaria palmata (macroalgae),145771,1,4,pCO2=2000 ppm,,,,,tip of the frond,,,17,,20.02765317,,,,,,,,15.9,0.1,36,2,7.85,0.05,2745.5,89.2,1066.92,157.28,2484.87,82.25,108.23,12.12,26,7.74,38.67,1066.46,1070.28,2488.88,106.66,2634.21,1.63,2.53
Palmaria palmata (macroalgae),145771,2,4,pCO2=380 ppm,,,,,base of the frond,,,20,,23.5619449,,,,,,,,15.8,0.1,36.1,2,8.01,0.01,2735,90.6,699.78,34.55,2376.07,70.31,149,8.7,26,7.9,25.59,704.2,706.73,2380.1,147.35,2553.05,2.25,3.49
Palmaria palmata (macroalgae),145771,2,4,pCO2=380 ppm,,,,,tip of the frond,,,18,,21.20575041,,,,,,,,15.8,0.1,36.1,2,8.01,0.01,2735,90.6,699.78,34.55,2376.07,70.31,149,8.7,26,7.9,25.59,704.2,706.73,2380.1,147.35,2553.05,2.25,3.49
Palmaria palmata (macroalgae),145771,3,4,pCO2=380 ppm,,,,,base of the frond,,,19,,22.38384766,,,,,,,,15.8,0.1,36.1,2,8.01,0.01,2735,90.6,699.78,34.55,2376.07,70.31,149,8.7,26,7.9,25.59,704.2,706.73,2380.1,147.35,2553.05,2.25,3.49
Palmaria palmata (macroalgae),145771,3,4,pCO2=380 ppm,,,,,tip of the frond,,,19,,22.38384766,,,,,,,,15.8,0.1,36.1,2,8.01,0.01,2735,90.6,699.78,34.55,2376.07,70.31,149,8.7,26,7.9,25.59,704.2,706.73,2380.1,147.35,2553.05,2.25,3.49
Palmaria palmata (macroalgae),145771,4,4,pCO2=2000 ppm,,,,,base of the frond,,,17,,20.02765317,,,,,,,,15.9,0.1,36,2,7.85,0.05,2745.5,89.2,1066.92,157.28,2484.87,82.25,108.23,12.12,26,7.74,38.67,1066.46,1070.28,2488.88,106.66,2634.21,1.63,2.53
Palmaria palmata (macroalgae),145771,4,4,pCO2=2000 ppm,,,,,tip of the frond,,,19,,22.38384766,,,,,,,,15.9,0.1,36,2,7.85,0.05,2745.5,89.2,1066.92,157.28,2484.87,82.25,108.23,12.12,26,7.74,38.67,1066.46,1070.28,2488.88,106.66,2634.21,1.63,2.53
Palmaria palmata (macroalgae),145771,5,4,pCO2=2000 ppm,,,,,base of the frond,,,18,,21.20575041,,,,,,,,15.9,0.1,36,2,7.85,0.05,2745.5,89.2,1066.92,157.28,2484.87,82.25,108.23,12.12,26,7.74,38.67,1066.46,1070.28,2488.88,106.66,2634.21,1.63,2.53
Palmaria palmata (macroalgae),145771,5,4,pCO2=2000 ppm,,,,,tip of the frond,,,17,,20.02765317,,,,,,,,15.9,0.1,36,2,7.85,0.05,2745.5,89.2,1066.92,157.28,2484.87,82.25,108.23,12.12,26,7.74,38.67,1066.46,1070.28,2488.88,106.66,2634.21,1.63,2.53
Palmaria palmata (macroalgae),145771,6,4,pCO2=380 ppm,,,,,base of the frond,,,20,,23.5619449,,,,,,,,15.8,0.1,36.1,2,8.01,0.01,2735,90.6,699.78,34.55,2376.07,70.31,149,8.7,26,7.9,25.59,704.2,706.73,2380.1,147.35,2553.05,2.25,3.49
Palmaria palmata (macroalgae),145771,6,4,pCO2=380 ppm,,,,,tip of the frond,,,19,,22.38384766,,,,,,,,15.8,0.1,36.1,2,8.01,0.01,2735,90.6,699.78,34.55,2376.07,70.31,149,8.7,26,7.9,25.59,704.2,706.73,2380.1,147.35,2553.05,2.25,3.49
Palmaria palmata (macroalgae),145771,7,4,pCO2=380 ppm,,,,,base of the frond,,,19,,22.38384766,,,,,,,,15.8,0.1,36.1,2,8.01,0.01,2735,90.6,699.78,34.55,2376.07,70.31,149,8.7,26,7.9,25.59,704.2,706.73,2380.1,147.35,2553.05,2.25,3.49
Palmaria palmata (macroalgae),145771,7,4,pCO2=380 ppm,,,,,tip of the frond,,,17,,20.02765317,,,,,,,,15.8,0.1,36.1,2,8.01,0.01,2735,90.6,699.78,34.55,2376.07,70.31,149,8.7,26,7.9,25.59,704.2,706.73,2380.1,147.35,2553.05,2.25,3.49
Palmaria palmata (macroalgae),145771,8,4,pCO2=2000 ppm,,,,,base of the frond,,,18,,21.20575041,,,,,,,,15.9,0.1,36,2,7.85,0.05,2745.5,89.2,1066.92,157.28,2484.87,82.25,108.23,12.12,26,7.74,38.67,1066.46,1070.28,2488.88,106.66,2634.21,1.63,2.53
Palmaria palmata (macroalgae),145771,8,4,pCO2=2000 ppm,,,,,tip of the frond,,,18,,21.20575041,,,,,,,,15.9,0.1,36,2,7.85,0.05,2745.5,89.2,1066.92,157.28,2484.87,82.25,108.23,12.12,26,7.74,38.67,1066.46,1070.28,2488.88,106.66,2634.21,1.63,2.53
Palmaria palmata (macroalgae),145771,9,4,pCO2=380 ppm,,,,,base of the frond,,,17,,20.02765317,,,,,,,,15.8,0.1,36.1,2,8.01,0.01,2735,90.6,699.78,34.55,2376.07,70.31,149,8.7,26,7.9,25.59,704.2,706.73,2380.1,147.35,2553.05,2.25,3.49
Palmaria palmata (macroalgae),145771,9,4,pCO2=380 ppm,,,,,tip of the frond,,,19,,22.38384766,,,,,,,,15.8,0.1,36.1,2,8.01,0.01,2735,90.6,699.78,34.55,2376.07,70.31,149,8.7,26,7.9,25.59,704.2,706.73,2380.1,147.35,2553.05,2.25,3.49
Palmaria palmata (macroalgae),145771,10,4,pCO2=380 ppm,,,,,base of the frond,,,18,,21.20575041,,,,,,,,15.8,0.1,36.1,2,8.01,0.01,2735,90.6,699.78,34.55,2376.07,70.31,149,8.7,26,7.9,25.59,704.2,706.73,2380.1,147.35,2553.05,2.25,3.49
Palmaria palmata (macroalgae),145771,10,4,pCO2=380 ppm,,,,,tip of the frond,,,18,,21.20575041,,,,,,,,15.8,0.1,36.1,2,8.01,0.01,2735,90.6,699.78,34.55,2376.07,70.31,149,8.7,26,7.9,25.59,704.2,706.73,2380.1,147.35,2553.05,2.25,3.49
Palmaria palmata (macroalgae),145771,11,4,pCO2=2000 ppm,,,,,base of the frond,,,21,,24.74004215,,,,,,,,15.9,0.1,36,2,7.85,0.05,2745.5,89.2,1066.92,157.28,2484.87,82.25,108.23,12.12,26,7.74,38.67,1066.46,1070.28,2488.88,106.66,2634.21,1.63,2.53
Palmaria palmata (macroalgae),145771,11,4,pCO2=2000 ppm,,,,,tip of the frond,,,17,,20.02765317,,,,,,,,15.9,0.1,36,2,7.85,0.05,2745.5,89.2,1066.92,157.28,2484.87,82.25,108.23,12.12,26,7.74,38.67,1066.46,1070.28,2488.88,106.66,2634.21,1.63,2.53
Palmaria palmata (macroalgae),145771,12,4,pCO2=2000 ppm,,,,,base of the frond,,,21,,24.74004215,,,,,,,,15.9,0.1,36,2,7.85,0.05,2745.5,89.2,1066.92,157.28,2484.87,82.25,108.23,12.12,26,7.74,38.67,1066.46,1070.28,2488.88,106.66,2634.21,1.63,2.53
Palmaria palmata (macroalgae),145771,12,4,pCO2=2000 ppm,,,,,tip of the frond,,,19,,22.38384766,,,,,,,,15.9,0.1,36,2,7.85,0.05,2745.5,89.2,1066.92,157.28,2484.87,82.25,108.23,12.12,26,7.74,38.67,1066.46,1070.28,2488.88,106.66,2634.21,1.63,2.53
Palmaria palmata (macroalgae),145771,13,4,pCO2=380 ppm,,,,,base of the frond,,,18,,21.20575041,,,,,,,,15.8,0.1,36.1,2,8.01,0.01,2735,90.6,699.78,34.55,2376.07,70.31,149,8.7,26,7.9,25.59,704.2,706.73,2380.1,147.35,2553.05,2.25,3.49
Palmaria palmata (macroalgae),145771,13,4,pCO2=380 ppm,,,,,tip of the frond,,,16,,18.84955592,,,,,,,,15.8,0.1,36.1,2,8.01,0.01,2735,90.6,699.78,34.55,2376.07,70.31,149,8.7,26,7.9,25.59,704.2,706.73,2380.1,147.35,2553.05,2.25,3.49
Palmaria palmata (macroalgae),145771,14,4,pCO2=380 ppm,,,,,base of the frond,,,18,,21.20575041,,,,,,,,15.8,0.1,36.1,2,8.01,0.01,2735,90.6,699.78,34.55,2376.07,70.31,149,8.7,26,7.9,25.59,704.2,706.73,2380.1,147.35,2553.05,2.25,3.49
Palmaria palmata (macroalgae),145771,14,4,pCO2=380 ppm,,,,,tip of the frond,,,17,,20.02765317,,,,,,,,15.8,0.1,36.1,2,8.01,0.01,2735,90.6,699.78,34.55,2376.07,70.31,149,8.7,26,7.9,25.59,704.2,706.73,2380.1,147.35,2553.05,2.25,3.49
Palmaria palmata (macroalgae),145771,15,4,pCO2=2000 ppm,,,,,tip of the frond,,,17,,20.02765317,,,,,,,,15.9,0.1,36,2,7.85,0.05,2745.5,89.2,1066.92,157.28,2484.87,82.25,108.23,12.12,26,7.74,38.67,1066.46,1070.28,2488.88,106.66,2634.21,1.63,2.53
Palmaria palmata (macroalgae),145771,16,4,pCO2=2000 ppm,,,,,base of the frond,,,18,,21.20575041,,,,,,,,15.9,0.1,36,2,7.85,0.05,2745.5,89.2,1066.92,157.28,2484.87,82.25,108.23,12.12,26,7.74,38.67,1066.46,1070.28,2488.88,106.66,2634.21,1.63,2.53
Palmaria palmata (macroalgae),145771,16,4,pCO2=2000 ppm,,,,,tip of the frond,,,20,,23.5619449,,,,,,,,15.9,0.1,36,2,7.85,0.05,2745.5,89.2,1066.92,157.28,2484.87,82.25,108.23,12.12,26,7.74,38.67,1066.46,1070.28,2488.88,106.66,2634.21,1.63,2.53
Palmaria palmata (macroalgae),145771,17,4,pCO2=380 ppm,,,,,base of the frond,,,17,,20.02765317,,,,,,,,15.8,0.1,36.1,2,8.01,0.01,2735,90.6,699.78,34.55,2376.07,70.31,149,8.7,26,7.9,25.59,704.2,706.73,2380.1,147.35,2553.05,2.25,3.49
Palmaria palmata (macroalgae),145771,17,4,pCO2=380 ppm,,,,,tip of the frond,,,18,,21.20575041,,,,,,,,15.8,0.1,36.1,2,8.01,0.01,2735,90.6,699.78,34.55,2376.07,70.31,149,8.7,26,7.9,25.59,704.2,706.73,2380.1,147.35,2553.05,2.25,3.49
Palmaria palmata (macroalgae),145771,18,4,pCO2=380 ppm,,,,,base of the frond,,,17,,20.02765317,,,,,,,,15.8,0.1,36.1,2,8.01,0.01,2735,90.6,699.78,34.55,2376.07,70.31,149,8.7,26,7.9,25.59,704.2,706.73,2380.1,147.35,2553.05,2.25,3.49
Palmaria palmata (macroalgae),145771,18,4,pCO2=380 ppm,,,,,tip of the frond,,,18,,21.20575041,,,,,,,,15.8,0.1,36.1,2,8.01,0.01,2735,90.6,699.78,34.55,2376.07,70.31,149,8.7,26,7.9,25.59,704.2,706.73,2380.1,147.35,2553.05,2.25,3.49
Palmaria palmata (macroalgae),145771,19,4,pCO2=2000 ppm,,,,,base of the frond,,,19,,22.38384766,,,,,,,,15.9,0.1,36,2,7.85,0.05,2745.5,89.2,1066.92,157.28,2484.87,82.25,108.23,12.12,26,7.74,38.67,1066.46,1070.28,2488.88,106.66,2634.21,1.63,2.53
Palmaria palmata (macroalgae),145771,19,4,pCO2=2000 ppm,,,,,tip of the frond,,,19,,22.38384766,,,,,,,,15.9,0.1,36,2,7.85,0.05,2745.5,89.2,1066.92,157.28,2484.87,82.25,108.23,12.12,26,7.74,38.67,1066.46,1070.28,2488.88,106.66,2634.21,1.63,2.53
Palmaria palmata (macroalgae),145771,20,4,pCO2=2000 ppm,,,,,base of the frond,,,18,,21.20575041,,,,,,,,15.9,0.1,36,2,7.85,0.05,2745.5,89.2,1066.92,157.28,2484.87,82.25,108.23,12.12,26,7.74,38.67,1066.46,1070.28,2488.88,106.66,2634.21,1.63,2.53
Palmaria palmata (macroalgae),145771,20,4,pCO2=2000 ppm,,,,,tip of the frond,,,18,,21.20575041,,,,,,,,15.9,0.1,36,2,7.85,0.05,2745.5,89.2,1066.92,157.28,2484.87,82.25,108.23,12.12,26,7.74,38.67,1066.46,1070.28,2488.88,106.66,2634.21,1.63,2.53
Palmaria palmata (macroalgae),145771,21,4,pCO2=380 ppm,,,,,base of the frond,,,17,,20.02765317,,,,,,,,15.8,0.1,36.1,2,8.01,0.01,2735,90.6,699.78,34.55,2376.07,70.31,149,8.7,26,7.9,25.59,704.2,706.73,2380.1,147.35,2553.05,2.25,3.49
Palmaria palmata (macroalgae),145771,21,4,pCO2=380 ppm,,,,,tip of the frond,,,18,,21.20575041,,,,,,,,15.8,0.1,36.1,2,8.01,0.01,2735,90.6,699.78,34.55,2376.07,70.31,149,8.7,26,7.9,25.59,704.2,706.73,2380.1,147.35,2553.05,2.25,3.49
Palmaria palmata (macroalgae),145771,22,4,pCO2=380 ppm,,,,,base of the frond,,,19,,22.38384766,,,,,,,,15.8,0.1,36.1,2,8.01,0.01,2735,90.6,699.78,34.55,2376.07,70.31,149,8.7,26,7.9,25.59,704.2,706.73,2380.1,147.35,2553.05,2.25,3.49
Palmaria palmata (macroalgae),145771,22,4,pCO2=380 ppm,,,,,tip of the frond,,,20,,23.5619449,,,,,,,,15.8,0.1,36.1,2,8.01,0.01,2735,90.6,699.78,34.55,2376.07,70.31,149,8.7,26,7.9,25.59,704.2,706.73,2380.1,147.35,2553.05,2.25,3.49
Palmaria palmata (macroalgae),145771,23,4,pCO2=2000 ppm,,,,,base of the frond,,,17,,20.02765317,,,,,,,,15.9,0.1,36,2,7.85,0.05,2745.5,89.2,1066.92,157.28,2484.87,82.25,108.23,12.12,26,7.74,38.67,1066.46,1070.28,2488.88,106.66,2634.21,1.63,2.53
Palmaria palmata (macroalgae),145771,24,4,pCO2=2000 ppm,,,,,base of the frond,,,18,,21.20575041,,,,,,,,15.9,0.1,36,2,7.85,0.05,2745.5,89.2,1066.92,157.28,2484.87,82.25,108.23,12.12,26,7.74,38.67,1066.46,1070.28,2488.88,106.66,2634.21,1.63,2.53
Palmaria palmata (macroalgae),145771,24,4,pCO2=2000 ppm,,,,,tip of the frond,,,18,,21.20575041,,,,,,,,15.9,0.1,36,2,7.85,0.05,2745.5,89.2,1066.92,157.28,2484.87,82.25,108.23,12.12,26,7.74,38.67,1066.46,1070.28,2488.88,106.66,2634.21,1.63,2.53
Palmaria palmata (macroalgae),145771,25,4,pCO2=380 ppm,,,,,base of the frond,,,19,,22.38384766,,,,,,,,15.8,0.1,36.1,2,8.01,0.01,2735,90.6,699.78,34.55,2376.07,70.31,149,8.7,26,7.9,25.59,704.2,706.73,2380.1,147.35,2553.05,2.25,3.49
Palmaria palmata (macroalgae),145771,25,4,pCO2=380 ppm,,,,,tip of the frond,,,17,,20.02765317,,,,,,,,15.8,0.1,36.1,2,8.01,0.01,2735,90.6,699.78,34.55,2376.07,70.31,149,8.7,26,7.9,25.59,704.2,706.73,2380.1,147.35,2553.05,2.25,3.49
Palmaria palmata (macroalgae),145771,26,4,pCO2=380 ppm,,,,,base of the frond,,,18,,21.20575041,,,,,,,,15.8,0.1,36.1,2,8.01,0.01,2735,90.6,699.78,34.55,2376.07,70.31,149,8.7,26,7.9,25.59,704.2,706.73,2380.1,147.35,2553.05,2.25,3.49
Palmaria palmata (macroalgae),145771,26,4,pCO2=380 ppm,,,,,tip of the frond,,,18,,21.20575041,,,,,,,,15.8,0.1,36.1,2,8.01,0.01,2735,90.6,699.78,34.55,2376.07,70.31,149,8.7,26,7.9,25.59,704.2,706.73,2380.1,147.35,2553.05,2.25,3.49
Palmaria palmata (macroalgae),145771,27,4,pCO2=2000 ppm,,,,,base of the frond,,,19,,22.38384766,,,,,,,,15.9,0.1,36,2,7.85,0.05,2745.5,89.2,1066.92,157.28,2484.87,82.25,108.23,12.12,26,7.74,38.67,1066.46,1070.28,2488.88,106.66,2634.21,1.63,2.53
Palmaria palmata (macroalgae),145771,27,4,pCO2=2000 ppm,,,,,tip of the frond,,,17,,20.02765317,,,,,,,,15.9,0.1,36,2,7.85,0.05,2745.5,89.2,1066.92,157.28,2484.87,82.25,108.23,12.12,26,7.74,38.67,1066.46,1070.28,2488.88,106.66,2634.21,1.63,2.53
Palmaria palmata (macroalgae),145771,28,4,pCO2=2000 ppm,,,,,base of the frond,,,18,,21.20575041,,,,,,,,15.9,0.1,36,2,7.85,0.05,2745.5,89.2,1066.92,157.28,2484.87,82.25,108.23,12.12,26,7.74,38.67,1066.46,1070.28,2488.88,106.66,2634.21,1.63,2.53
Palmaria palmata (macroalgae),145771,28,4,pCO2=2000 ppm,,,,,tip of the frond,,,18,,21.20575041,,,,,,,,15.9,0.1,36,2,7.85,0.05,2745.5,89.2,1066.92,157.28,2484.87,82.25,108.23,12.12,26,7.74,38.67,1066.46,1070.28,2488.88,106.66,2634.21,1.63,2.53
Palmaria palmata (macroalgae),145771,29,4,pCO2=380 ppm,,,,,base of the frond,,,18,,21.20575041,,,,,,,,15.8,0.1,36.1,2,8.01,0.01,2735,90.6,699.78,34.55,2376.07,70.31,149,8.7,26,7.9,25.59,704.2,706.73,2380.1,147.35,2553.05,2.25,3.49
Palmaria palmata (macroalgae),145771,29,4,pCO2=380 ppm,,,,,tip of the frond,,,18,,21.20575041,,,,,,,,15.8,0.1,36.1,2,8.01,0.01,2735,90.6,699.78,34.55,2376.07,70.31,149,8.7,26,7.9,25.59,704.2,706.73,2380.1,147.35,2553.05,2.25,3.49
Palmaria palmata (macroalgae),145771,30,4,pCO2=380 ppm,,,,,base of the frond,,,18,,21.20575041,,,,,,,,15.8,0.1,36.1,2,8.01,0.01,2735,90.6,699.78,34.55,2376.07,70.31,149,8.7,26,7.9,25.59,704.2,706.73,2380.1,147.35,2553.05,2.25,3.49
Palmaria palmata (macroalgae),145771,30,4,pCO2=380 ppm,,,,,tip of the frond,,,19,,22.38384766,,,,,,,,15.8,0.1,36.1,2,8.01,0.01,2735,90.6,699.78,34.55,2376.07,70.31,149,8.7,26,7.9,25.59,704.2,706.73,2380.1,147.35,2553.05,2.25,3.49
Palmaria palmata (macroalgae),145771,4,0,pCO2=2000 ppm,,,,,,,,,,,0.1085,1.1548,0.4784,0.0959,1.363,1.0463,,15.9,0.1,35,2.5,7.9,0.04,2738.7,129.8,960.27,123.1,2461.22,118.8,115.28,10.98,26,7.78,34.48,945.65,949.04,2461.99,115.32,2611.78,1.77,2.75
Palmaria palmata (macroalgae),145771,8,0,pCO2=2000 ppm,,,,,,,,,,,0.1022,1.3413,0.5256,0.0286,1.2514,1.2391,,15.9,0.1,35,2.5,7.9,0.04,2738.7,129.8,960.27,123.1,2461.22,118.8,115.28,10.98,26,7.78,34.48,945.65,949.04,2461.99,115.32,2611.78,1.77,2.75
Palmaria palmata (macroalgae),145771,12,0,pCO2=2000 ppm,,,,,,,,,,,0.1508,6.4979,0.394,0.0537,2.1562,6.3471,,15.9,0.1,35,2.5,7.9,0.04,2738.7,129.8,960.27,123.1,2461.22,118.8,115.28,10.98,26,7.78,34.48,945.65,949.04,2461.99,115.32,2611.78,1.77,2.75
Palmaria palmata (macroalgae),145771,27,0,pCO2=2000 ppm,,,,,,,,,,,0.0692,1.7051,0.4585,0.2003,0.3753,1.6359,,15.9,0.1,35,2.5,7.9,0.04,2738.7,129.8,960.27,123.1,2461.22,118.8,115.28,10.98,26,7.78,34.48,945.65,949.04,2461.99,115.32,2611.78,1.77,2.75
Palmaria palmata (macroalgae),145771,2,0,pCO2=380 ppm,,,,,,,,,,,0.1563,7.0259,0.4567,0.0742,2.1831,6.8696,,15.8,0.2,35.1,2.4,8.02,0.02,2718.7,167.4,689.7,43.73,2362.98,127.36,147.6,18.81,26,7.91,25.16,688.5,690.97,2367.54,146.11,2538.81,2.24,3.48
Palmaria palmata (macroalgae),145771,6,0,pCO2=380 ppm,,,,,,,,,,,0.1366,5.9459,0.5879,0.0722,1.9592,5.8093,,15.8,0.2,35.1,2.4,8.02,0.02,2718.7,167.4,689.7,43.73,2362.98,127.36,147.6,18.81,26,7.91,25.16,688.5,690.97,2367.54,146.11,2538.81,2.24,3.48
Palmaria palmata (macroalgae),145771,22,0,pCO2=380 ppm,,,,,,,,,,,0.0663,1.6857,0.3517,0.1472,0.3974,1.6194,,15.8,0.2,35.1,2.4,8.02,0.02,2718.7,167.4,689.7,43.73,2362.98,127.36,147.6,18.81,26,7.91,25.16,688.5,690.97,2367.54,146.11,2538.81,2.24,3.48
Palmaria palmata (macroalgae),145771,25,0,pCO2=380 ppm,,,,,,,,,,,0.0679,1.4391,0.2865,0.1574,0.3897,1.3712,,15.8,0.2,35.1,2.4,8.02,0.02,2718.7,167.4,689.7,43.73,2362.98,127.36,147.6,18.81,26,7.91,25.16,688.5,690.97,2367.54,146.11,2538.81,2.24,3.48
Palmaria palmata (macroalgae),145771,26,0,pCO2=380 ppm,,,,,,,,,,,0.078,1.7604,0.3405,0.1477,0.3709,1.6824,,15.8,0.2,35.1,2.4,8.02,0.02,2718.7,167.4,689.7,43.73,2362.98,127.36,147.6,18.81,26,7.91,25.16,688.5,690.97,2367.54,146.11,2538.81,2.24,3.48
Palmaria palmata (macroalgae),145771,4,4,pCO2=2000 ppm,,,,,,,,,,,0.009,0.2106,0.4497,0.131,0.6747,0.2106,,15.9,0.1,36,2,7.85,0.05,2745.5,89.2,1066.92,157.28,2484.87,82.25,108.23,12.12,26,7.74,38.67,1066.46,1070.28,2488.88,106.66,2634.21,1.63,2.53
Palmaria palmata (macroalgae),145771,5,4,pCO2=2000 ppm,,,,,,,,,,,0.009,0.1659,0.4684,0.121,0.6858,0.1659,,15.9,0.1,36,2,7.85,0.05,2745.5,89.2,1066.92,157.28,2484.87,82.25,108.23,12.12,26,7.74,38.67,1066.46,1070.28,2488.88,106.66,2634.21,1.63,2.53
Palmaria palmata (macroalgae),145771,8,4,pCO2=2000 ppm,,,,,,,,,,,0.009,0.1857,0.4786,0.1091,0.6848,0.1857,,15.9,0.1,36,2,7.85,0.05,2745.5,89.2,1066.92,157.28,2484.87,82.25,108.23,12.12,26,7.74,38.67,1066.46,1070.28,2488.88,106.66,2634.21,1.63,2.53
Palmaria palmata (macroalgae),145771,11,4,pCO2=2000 ppm,,,,,,,,,,,0.009,0.1501,0.364,0.1139,0.6725,0.1501,,15.9,0.1,36,2,7.85,0.05,2745.5,89.2,1066.92,157.28,2484.87,82.25,108.23,12.12,26,7.74,38.67,1066.46,1070.28,2488.88,106.66,2634.21,1.63,2.53
Palmaria palmata (macroalgae),145771,12,4,pCO2=2000 ppm,,,,,,,,,,,0.0148,0.2445,0.393,0.1562,0.6916,0.2297,,15.9,0.1,36,2,7.85,0.05,2745.5,89.2,1066.92,157.28,2484.87,82.25,108.23,12.12,26,7.74,38.67,1066.46,1070.28,2488.88,106.66,2634.21,1.63,2.53
Palmaria palmata (macroalgae),145771,23,4,pCO2=2000 ppm,,,,,,,,,,,0.0197,0.7055,0.4654,2.1136,0.8011,0.6858,,15.9,0.1,36,2,7.85,0.05,2745.5,89.2,1066.92,157.28,2484.87,82.25,108.23,12.12,26,7.74,38.67,1066.46,1070.28,2488.88,106.66,2634.21,1.63,2.53
Palmaria palmata (macroalgae),145771,27,4,pCO2=2000 ppm,,,,,,,,,,,0.0111,0.2628,0.4496,0.1455,0.0928,0.2517,,15.9,0.1,36,2,7.85,0.05,2745.5,89.2,1066.92,157.28,2484.87,82.25,108.23,12.12,26,7.74,38.67,1066.46,1070.28,2488.88,106.66,2634.21,1.63,2.53
Palmaria palmata (macroalgae),145771,28,4,pCO2=2000 ppm,,,,,,,,,,,0.009,0.1996,0.3528,0.1587,0.0895,0.1996,,15.9,0.1,36,2,7.85,0.05,2745.5,89.2,1066.92,157.28,2484.87,82.25,108.23,12.12,26,7.74,38.67,1066.46,1070.28,2488.88,106.66,2634.21,1.63,2.53
Palmaria palmata (macroalgae),145771,2,4,pCO2=380 ppm,,,,,,,,,,,0.0247,0.2333,0.4566,0.1731,0.9981,0.2086,,15.8,0.1,36.1,2,8.01,0.01,2735,90.6,699.78,34.55,2376.07,70.31,149,8.7,26,7.9,25.59,704.2,706.73,2380.1,147.35,2553.05,2.25,3.49
Palmaria palmata (macroalgae),145771,3,4,pCO2=380 ppm,,,,,,,,,,,0.009,0.1823,0.4469,0.1404,0.6639,0.1823,,15.8,0.1,36.1,2,8.01,0.01,2735,90.6,699.78,34.55,2376.07,70.31,149,8.7,26,7.9,25.59,704.2,706.73,2380.1,147.35,2553.05,2.25,3.49
Palmaria palmata (macroalgae),145771,6,4,pCO2=380 ppm,,,,,,,,,,,0.009,0.1697,0.4581,0.1331,0.6851,0.1697,,15.8,0.1,36.1,2,8.01,0.01,2735,90.6,699.78,34.55,2376.07,70.31,149,8.7,26,7.9,25.59,704.2,706.73,2380.1,147.35,2553.05,2.25,3.49
Palmaria palmata (macroalgae),145771,14,4,pCO2=380 ppm,,,,,,,,,,,0.009,0.1275,0.667,0.108,0.632,0.1275,,15.8,0.1,36.1,2,8.01,0.01,2735,90.6,699.78,34.55,2376.07,70.31,149,8.7,26,7.9,25.59,704.2,706.73,2380.1,147.35,2553.05,2.25,3.49
Palmaria palmata (macroalgae),145771,18,4,pCO2=380 ppm,,,,,,,,,,,0.009,0.2009,0.3912,0.1492,0.1237,0.2009,,15.8,0.1,36.1,2,8.01,0.01,2735,90.6,699.78,34.55,2376.07,70.31,149,8.7,26,7.9,25.59,704.2,706.73,2380.1,147.35,2553.05,2.25,3.49
Palmaria palmata (macroalgae),145771,22,4,pCO2=380 ppm,,,,,,,,,,,0.0105,0.2892,0.3993,0.1513,0.0993,0.2787,,15.8,0.1,36.1,2,8.01,0.01,2735,90.6,699.78,34.55,2376.07,70.31,149,8.7,26,7.9,25.59,704.2,706.73,2380.1,147.35,2553.05,2.25,3.49
Palmaria palmata (macroalgae),145771,25,4,pCO2=380 ppm,,,,,,,,,,,0.0117,0.2958,0.4328,0.1799,0.1087,0.2841,,15.8,0.1,36.1,2,8.01,0.01,2735,90.6,699.78,34.55,2376.07,70.31,149,8.7,26,7.9,25.59,704.2,706.73,2380.1,147.35,2553.05,2.25,3.49
Palmaria palmata (macroalgae),145771,26,4,pCO2=380 ppm,,,,,,,,,,,0.0094,0.249,0.4403,0.1416,0.0971,0.2396,,15.8,0.1,36.1,2,8.01,0.01,2735,90.6,699.78,34.55,2376.07,70.31,149,8.7,26,7.9,25.59,704.2,706.73,2380.1,147.35,2553.05,2.25,3.49
Palmaria palmata (macroalgae),145771,30,4,pCO2=380 ppm,,,,,,,,,,,0.0232,0.4952,0.4771,1.3028,0.5134,0.472,,15.8,0.1,36.1,2,8.01,0.01,2735,90.6,699.78,34.55,2376.07,70.31,149,8.7,26,7.9,25.59,704.2,706.73,2380.1,147.35,2553.05,2.25,3.49
Saccharina latissima (macroalgae),234483,13,0,pCO2=380 ppm,2,-0.006293543,0.073421921,0.079715464,,,,,,,,,,,,,,12.4,0.7,36.6,0.2,8.09,0.05,2850.2,91.3,580.91,74.8,2448.21,81.77,167.27,22.18,26,7.98,23.27,578.31,580.48,2453.43,165.04,2641.73,2.49,3.89
Saccharina latissima (macroalgae),234483,14,0,pCO2=380 ppm,2,-0.00246251,0.06988037,0.072342881,,,,,,,,,,,,,,12.4,0.7,36.6,0.2,8.09,0.05,2850.2,91.3,580.91,74.8,2448.21,81.77,167.27,22.18,26,7.98,23.27,578.31,580.48,2453.43,165.04,2641.73,2.49,3.89
Saccharina latissima (macroalgae),234483,16,0,pCO2=380 ppm,3,-0.028541816,0.066843546,0.095385362,,,,,,,,,,,,,,12.4,0.7,36.6,0.2,8.09,0.05,2850.2,91.3,580.91,74.8,2448.21,81.77,167.27,22.18,26,7.98,23.27,578.31,580.48,2453.43,165.04,2641.73,2.49,3.89
Saccharina latissima (macroalgae),234483,17,0,pCO2=380 ppm,3,-0.026969162,0.037983809,0.064952971,,,,,,,,,,,,,,12.4,0.7,36.6,0.2,8.09,0.05,2850.2,91.3,580.91,74.8,2448.21,81.77,167.27,22.18,26,7.98,23.27,578.31,580.48,2453.43,165.04,2641.73,2.49,3.89
Saccharina latissima (macroalgae),234483,3,0,pCO2=2000 ppm,3,-0.043446706,0.013302101,0.056748807,,,,,,,,,,,,,,12.2,0.5,36.6,0.3,7.75,0.04,2908.9,200.7,1392.12,150.62,2708.09,187.81,83.75,9.91,26,7.65,56.48,1394.81,1400.06,2710.48,82.75,2849.71,1.25,1.95
Saccharina latissima (macroalgae),234483,7,0,pCO2=2000 ppm,2,-0.09397806,0.126908247,0.220886307,,,,,,,,,,,,,,12.2,0.5,36.6,0.3,7.75,0.04,2908.9,200.7,1392.12,150.62,2708.09,187.81,83.75,9.91,26,7.65,56.48,1394.81,1400.06,2710.48,82.75,2849.71,1.25,1.95
Saccharina latissima (macroalgae),234483,10,0,pCO2=2000 ppm,2,-0.050092893,0.234289003,0.284381896,,,,,,,,,,,,,,12.2,0.5,36.6,0.3,7.75,0.04,2908.9,200.7,1392.12,150.62,2708.09,187.81,83.75,9.91,26,7.65,56.48,1394.81,1400.06,2710.48,82.75,2849.71,1.25,1.95
Saccharina latissima (macroalgae),234483,15,0,pCO2=2000 ppm,2,-0.065604994,0.319807471,0.385412465,,,,,,,,,,,,,,12.2,0.5,36.6,0.3,7.75,0.04,2908.9,200.7,1392.12,150.62,2708.09,187.81,83.75,9.91,26,7.65,56.48,1394.81,1400.06,2710.48,82.75,2849.71,1.25,1.95
Saccharina latissima (macroalgae),234483,18,0,pCO2=2000 ppm,3,-0.020409063,0.085279882,0.105688945,,,,,,,,,,,,,,12.2,0.5,36.6,0.3,7.75,0.04,2908.9,200.7,1392.12,150.62,2708.09,187.81,83.75,9.91,26,7.65,56.48,1394.81,1400.06,2710.48,82.75,2849.71,1.25,1.95
Saccharina latissima (macroalgae),234483,13,4,pCO2=380 ppm,2,-0.014008669,0.126528988,0.140537657,,,,,,,,,,,,,,13.1,2.5,35.7,1.2,8.06,0.05,2878.1,165.4,645.15,78.22,2495.17,132.16,160.21,37.73,26,7.95,25.34,640.59,642.97,2502.31,157.11,2684.76,2.39,3.73
Saccharina latissima (macroalgae),234483,14,4,pCO2=380 ppm,2,-0.028779962,0.103274835,0.132054796,,,,,,,,,,,,,,13.1,2.5,35.7,1.2,8.06,0.05,2878.1,165.4,645.15,78.22,2495.17,132.16,160.21,37.73,26,7.95,25.34,640.59,642.97,2502.31,157.11,2684.76,2.39,3.73
Saccharina latissima (macroalgae),234483,16,4,pCO2=380 ppm,3,-0.090195984,0.025518891,0.115714875,,,,,,,,,,,,,,13.1,2.5,35.7,1.2,8.06,0.05,2878.1,165.4,645.15,78.22,2495.17,132.16,160.21,37.73,26,7.95,25.34,640.59,642.97,2502.31,157.11,2684.76,2.39,3.73
Saccharina latissima (macroalgae),234483,17,4,pCO2=380 ppm,3,-0.042143312,0.043023638,0.08516695,,,,,,,,,,,,,,13.1,2.5,35.7,1.2,8.06,0.05,2878.1,165.4,645.15,78.22,2495.17,132.16,160.21,37.73,26,7.95,25.34,640.59,642.97,2502.31,157.11,2684.76,2.39,3.73
Saccharina latissima (macroalgae),234483,3,4,pCO2=2000 ppm,3,-0.032991301,0.092136735,0.125128036,,,,,,,,,,,,,,13.7,2,35.8,1.2,7.77,0.04,2831.3,114.3,1329.14,145.68,2622.84,115.97,86.83,6.69,26,7.66,51.18,1318.8,1323.66,2624.01,86.43,2761.61,1.31,2.05
Saccharina latissima (macroalgae),234483,7,4,pCO2=2000 ppm,2,-0.140005208,0.041148421,0.181153629,,,,,,,,,,,,,,13.7,2,35.8,1.2,7.77,0.04,2831.3,114.3,1329.14,145.68,2622.84,115.97,86.83,6.69,26,7.66,51.18,1318.8,1323.66,2624.01,86.43,2761.61,1.31,2.05
Saccharina latissima (macroalgae),234483,10,4,pCO2=2000 ppm,2,-0.118103079,0.600398068,0.718501147,,,,,,,,,,,,,,13.7,2,35.8,1.2,7.77,0.04,2831.3,114.3,1329.14,145.68,2622.84,115.97,86.83,6.69,26,7.66,51.18,1318.8,1323.66,2624.01,86.43,2761.61,1.31,2.05
Saccharina latissima (macroalgae),234483,15,4,pCO2=2000 ppm,2,-0.155352092,0.251429804,0.406781897,,,,,,,,,,,,,,13.7,2,35.8,1.2,7.77,0.04,2831.3,114.3,1329.14,145.68,2622.84,115.97,86.83,6.69,26,7.66,51.18,1318.8,1323.66,2624.01,86.43,2761.61,1.31,2.05
Saccharina latissima (macroalgae),234483,18,4,pCO2=2000 ppm,3,-0.059376685,0.038282138,0.097658822,,,,,,,,,,,,,,13.7,2,35.8,1.2,7.77,0.04,2831.3,114.3,1329.14,145.68,2622.84,115.97,86.83,6.69,26,7.66,51.18,1318.8,1323.66,2624.01,86.43,2761.61,1.31,2.05
Saccharina latissima (macroalgae),234483,2,0,pCO2=380 ppm,3,,,,base of the frond,1,28.44669688,,,,,,,,,,,12.4,0.7,36.6,0.2,8.09,0.05,2850.2,91.3,580.91,74.8,2448.21,81.77,167.27,22.18,26,7.98,23.27,578.31,580.48,2453.43,165.04,2641.73,2.49,3.89
Saccharina latissima (macroalgae),234483,8,0,pCO2=380 ppm,2,,,,base of the frond,1,10.64327908,,,,,,,,,,,12.4,0.7,36.6,0.2,8.09,0.05,2850.2,91.3,580.91,74.8,2448.21,81.77,167.27,22.18,26,7.98,23.27,578.31,580.48,2453.43,165.04,2641.73,2.49,3.89
Saccharina latissima (macroalgae),234483,13,0,pCO2=380 ppm,2,,,,base of the frond,1,9.006322411,,,,,,,,,,,12.4,0.7,36.6,0.2,8.09,0.05,2850.2,91.3,580.91,74.8,2448.21,81.77,167.27,22.18,26,7.98,23.27,578.31,580.48,2453.43,165.04,2641.73,2.49,3.89
Saccharina latissima (macroalgae),234483,14,0,pCO2=380 ppm,2,,,,base of the frond,1,6.51774313,,,,,,,,,,,12.4,0.7,36.6,0.2,8.09,0.05,2850.2,91.3,580.91,74.8,2448.21,81.77,167.27,22.18,26,7.98,23.27,578.31,580.48,2453.43,165.04,2641.73,2.49,3.89
Saccharina latissima (macroalgae),234483,14,0,pCO2=380 ppm,2,,,,base of the frond,3,10.51562437,,,,,,,,,,,12.4,0.7,36.6,0.2,8.09,0.05,2850.2,91.3,580.91,74.8,2448.21,81.77,167.27,22.18,26,7.98,23.27,578.31,580.48,2453.43,165.04,2641.73,2.49,3.89
Saccharina latissima (macroalgae),234483,16,0,pCO2=380 ppm,3,,,,base of the frond,1,10.7198703,,,,,,,,,,,12.4,0.7,36.6,0.2,8.09,0.05,2850.2,91.3,580.91,74.8,2448.21,81.77,167.27,22.18,26,7.98,23.27,578.31,580.48,2453.43,165.04,2641.73,2.49,3.89
Saccharina latissima (macroalgae),234483,16,0,pCO2=380 ppm,3,,,,base of the frond,3,14.23202502,,,,,,,,,,,12.4,0.7,36.6,0.2,8.09,0.05,2850.2,91.3,580.91,74.8,2448.21,81.77,167.27,22.18,26,7.98,23.27,578.31,580.48,2453.43,165.04,2641.73,2.49,3.89
Saccharina latissima (macroalgae),234483,17,0,pCO2=380 ppm,3,,,,base of the frond,1,3.054631312,,,,,,,,,,,12.4,0.7,36.6,0.2,8.09,0.05,2850.2,91.3,580.91,74.8,2448.21,81.77,167.27,22.18,26,7.98,23.27,578.31,580.48,2453.43,165.04,2641.73,2.49,3.89
Saccharina latissima (macroalgae),234483,17,0,pCO2=380 ppm,3,,,,base of the frond,2,13.62026553,,,,,,,,,,,12.4,0.7,36.6,0.2,8.09,0.05,2850.2,91.3,580.91,74.8,2448.21,81.77,167.27,22.18,26,7.98,23.27,578.31,580.48,2453.43,165.04,2641.73,2.49,3.89
Saccharina latissima (macroalgae),234483,3,0,pCO2=2000 ppm,3,,,,base of the frond,1,9.889254856,,,,,,,,,,,12.2,0.5,36.6,0.3,7.75,0.04,2908.9,200.7,1392.12,150.62,2708.09,187.81,83.75,9.91,26,7.65,56.48,1394.81,1400.06,2710.48,82.75,2849.71,1.25,1.95
Saccharina latissima (macroalgae),234483,7,0,pCO2=2000 ppm,2,,,,base of the frond,1,3.327595151,,,,,,,,,,,12.2,0.5,36.6,0.3,7.75,0.04,2908.9,200.7,1392.12,150.62,2708.09,187.81,83.75,9.91,26,7.65,56.48,1394.81,1400.06,2710.48,82.75,2849.71,1.25,1.95
Saccharina latissima (macroalgae),234483,7,0,pCO2=2000 ppm,2,,,,base of the frond,3,13.28827608,,,,,,,,,,,12.2,0.5,36.6,0.3,7.75,0.04,2908.9,200.7,1392.12,150.62,2708.09,187.81,83.75,9.91,26,7.65,56.48,1394.81,1400.06,2710.48,82.75,2849.71,1.25,1.95
Saccharina latissima (macroalgae),234483,10,0,pCO2=2000 ppm,2,,,,base of the frond,1,25.56535598,,,,,,,,,,,12.2,0.5,36.6,0.3,7.75,0.04,2908.9,200.7,1392.12,150.62,2708.09,187.81,83.75,9.91,26,7.65,56.48,1394.81,1400.06,2710.48,82.75,2849.71,1.25,1.95
Saccharina latissima (macroalgae),234483,10,0,pCO2=2000 ppm,2,,,,base of the frond,3,18.71108049,,,,,,,,,,,12.2,0.5,36.6,0.3,7.75,0.04,2908.9,200.7,1392.12,150.62,2708.09,187.81,83.75,9.91,26,7.65,56.48,1394.81,1400.06,2710.48,82.75,2849.71,1.25,1.95
Saccharina latissima (macroalgae),234483,15,0,pCO2=2000 ppm,2,,,,base of the frond,1,11.05195674,,,,,,,,,,,12.2,0.5,36.6,0.3,7.75,0.04,2908.9,200.7,1392.12,150.62,2708.09,187.81,83.75,9.91,26,7.65,56.48,1394.81,1400.06,2710.48,82.75,2849.71,1.25,1.95
Saccharina latissima (macroalgae),234483,15,0,pCO2=2000 ppm,2,,,,base of the frond,3,5.429143688,,,,,,,,,,,12.2,0.5,36.6,0.3,7.75,0.04,2908.9,200.7,1392.12,150.62,2708.09,187.81,83.75,9.91,26,7.65,56.48,1394.81,1400.06,2710.48,82.75,2849.71,1.25,1.95
Saccharina latissima (macroalgae),234483,18,0,pCO2=2000 ppm,3,,,,base of the frond,1,9.33751831,,,,,,,,,,,12.2,0.5,36.6,0.3,7.75,0.04,2908.9,200.7,1392.12,150.62,2708.09,187.81,83.75,9.91,26,7.65,56.48,1394.81,1400.06,2710.48,82.75,2849.71,1.25,1.95
Saccharina latissima (macroalgae),234483,18,0,pCO2=2000 ppm,3,,,,base of the frond,3,7.966860375,,,,,,,,,,,12.2,0.5,36.6,0.3,7.75,0.04,2908.9,200.7,1392.12,150.62,2708.09,187.81,83.75,9.91,26,7.65,56.48,1394.81,1400.06,2710.48,82.75,2849.71,1.25,1.95
Saccharina latissima (macroalgae),234483,2,4,pCO2=380 ppm,3,,,,base of the frond,1,34.34127615,,,,,,,,,,,13.1,2.5,35.7,1.2,8.06,0.05,2878.1,165.4,645.15,78.22,2495.17,132.16,160.21,37.73,26,7.95,25.34,640.59,642.97,2502.31,157.11,2684.76,2.39,3.73
Saccharina latissima (macroalgae),234483,8,4,pCO2=380 ppm,2,,,,base of the frond,1,1.200924906,,,,,,,,,,,13.1,2.5,35.7,1.2,8.06,0.05,2878.1,165.4,645.15,78.22,2495.17,132.16,160.21,37.73,26,7.95,25.34,640.59,642.97,2502.31,157.11,2684.76,2.39,3.73
Saccharina latissima (macroalgae),234483,13,4,pCO2=380 ppm,2,,,,base of the frond,1,13.39952421,,,,,,,,,,,13.1,2.5,35.7,1.2,8.06,0.05,2878.1,165.4,645.15,78.22,2495.17,132.16,160.21,37.73,26,7.95,25.34,640.59,642.97,2502.31,157.11,2684.76,2.39,3.73
Saccharina latissima (macroalgae),234483,14,4,pCO2=380 ppm,2,,,,base of the frond,1,11.65475194,,,,,,,,,,,13.1,2.5,35.7,1.2,8.06,0.05,2878.1,165.4,645.15,78.22,2495.17,132.16,160.21,37.73,26,7.95,25.34,640.59,642.97,2502.31,157.11,2684.76,2.39,3.73
Saccharina latissima (macroalgae),234483,14,4,pCO2=380 ppm,2,,,,base of the frond,3,22.74877759,,,,,,,,,,,13.1,2.5,35.7,1.2,8.06,0.05,2878.1,165.4,645.15,78.22,2495.17,132.16,160.21,37.73,26,7.95,25.34,640.59,642.97,2502.31,157.11,2684.76,2.39,3.73
Saccharina latissima (macroalgae),234483,16,4,pCO2=380 ppm,3,,,,base of the frond,1,10.25789449,,,,,,,,,,,13.1,2.5,35.7,1.2,8.06,0.05,2878.1,165.4,645.15,78.22,2495.17,132.16,160.21,37.73,26,7.95,25.34,640.59,642.97,2502.31,157.11,2684.76,2.39,3.73
Saccharina latissima (macroalgae),234483,16,4,pCO2=380 ppm,3,,,,base of the frond,3,18.74000359,,,,,,,,,,,13.1,2.5,35.7,1.2,8.06,0.05,2878.1,165.4,645.15,78.22,2495.17,132.16,160.21,37.73,26,7.95,25.34,640.59,642.97,2502.31,157.11,2684.76,2.39,3.73
Saccharina latissima (macroalgae),234483,17,4,pCO2=380 ppm,3,,,,base of the frond,1,5.652975816,,,,,,,,,,,13.1,2.5,35.7,1.2,8.06,0.05,2878.1,165.4,645.15,78.22,2495.17,132.16,160.21,37.73,26,7.95,25.34,640.59,642.97,2502.31,157.11,2684.76,2.39,3.73
Saccharina latissima (macroalgae),234483,17,4,pCO2=380 ppm,3,,,,base of the frond,2,9.35572715,,,,,,,,,,,13.1,2.5,35.7,1.2,8.06,0.05,2878.1,165.4,645.15,78.22,2495.17,132.16,160.21,37.73,26,7.95,25.34,640.59,642.97,2502.31,157.11,2684.76,2.39,3.73
Saccharina latissima (macroalgae),234483,3,4,pCO2=2000 ppm,3,,,,base of the frond,1,13.84584973,,,,,,,,,,,13.7,2,35.8,1.2,7.77,0.04,2831.3,114.3,1329.14,145.68,2622.84,115.97,86.83,6.69,26,7.66,51.18,1318.8,1323.66,2624.01,86.43,2761.61,1.31,2.05
Saccharina latissima (macroalgae),234483,7,4,pCO2=2000 ppm,2,,,,base of the frond,1,4.540082914,,,,,,,,,,,13.7,2,35.8,1.2,7.77,0.04,2831.3,114.3,1329.14,145.68,2622.84,115.97,86.83,6.69,26,7.66,51.18,1318.8,1323.66,2624.01,86.43,2761.61,1.31,2.05
Saccharina latissima (macroalgae),234483,7,4,pCO2=2000 ppm,2,,,,base of the frond,3,15.20932432,,,,,,,,,,,13.7,2,35.8,1.2,7.77,0.04,2831.3,114.3,1329.14,145.68,2622.84,115.97,86.83,6.69,26,7.66,51.18,1318.8,1323.66,2624.01,86.43,2761.61,1.31,2.05
Saccharina latissima (macroalgae),234483,10,4,pCO2=2000 ppm,2,,,,base of the frond,1,9.076979066,,,,,,,,,,,13.7,2,35.8,1.2,7.77,0.04,2831.3,114.3,1329.14,145.68,2622.84,115.97,86.83,6.69,26,7.66,51.18,1318.8,1323.66,2624.01,86.43,2761.61,1.31,2.05
Saccharina latissima (macroalgae),234483,10,4,pCO2=2000 ppm,2,,,,base of the frond,3,21.09067102,,,,,,,,,,,13.7,2,35.8,1.2,7.77,0.04,2831.3,114.3,1329.14,145.68,2622.84,115.97,86.83,6.69,26,7.66,51.18,1318.8,1323.66,2624.01,86.43,2761.61,1.31,2.05
Saccharina latissima (macroalgae),234483,15,4,pCO2=2000 ppm,2,,,,base of the frond,1,11.59228954,,,,,,,,,,,13.7,2,35.8,1.2,7.77,0.04,2831.3,114.3,1329.14,145.68,2622.84,115.97,86.83,6.69,26,7.66,51.18,1318.8,1323.66,2624.01,86.43,2761.61,1.31,2.05
Saccharina latissima (macroalgae),234483,15,4,pCO2=2000 ppm,2,,,,base of the frond,3,6.780805936,,,,,,,,,,,13.7,2,35.8,1.2,7.77,0.04,2831.3,114.3,1329.14,145.68,2622.84,115.97,86.83,6.69,26,7.66,51.18,1318.8,1323.66,2624.01,86.43,2761.61,1.31,2.05
Saccharina latissima (macroalgae),234483,18,4,pCO2=2000 ppm,3,,,,base of the frond,1,15.30852323,,,,,,,,,,,13.7,2,35.8,1.2,7.77,0.04,2831.3,114.3,1329.14,145.68,2622.84,115.97,86.83,6.69,26,7.66,51.18,1318.8,1323.66,2624.01,86.43,2761.61,1.31,2.05
Saccharina latissima (macroalgae),234483,18,4,pCO2=2000 ppm,3,,,,base of the frond,3,10.12591773,,,,,,,,,,,13.7,2,35.8,1.2,7.77,0.04,2831.3,114.3,1329.14,145.68,2622.84,115.97,86.83,6.69,26,7.66,51.18,1318.8,1323.66,2624.01,86.43,2761.61,1.31,2.05
Saccharina latissima (macroalgae),234483,2,0,pCO2=380 ppm,3,,,,tip of the frond,2,1.190107986,,,,,,,,,,,12.4,0.7,36.6,0.2,8.09,0.05,2850.2,91.3,580.91,74.8,2448.21,81.77,167.27,22.18,26,7.98,23.27,578.31,580.48,2453.43,165.04,2641.73,2.49,3.89
Saccharina latissima (macroalgae),234483,2,0,pCO2=380 ppm,3,,,,tip of the frond,3,0.980917693,,,,,,,,,,,12.4,0.7,36.6,0.2,8.09,0.05,2850.2,91.3,580.91,74.8,2448.21,81.77,167.27,22.18,26,7.98,23.27,578.31,580.48,2453.43,165.04,2641.73,2.49,3.89
Saccharina latissima (macroalgae),234483,8,0,pCO2=380 ppm,2,,,,tip of the frond,2,3.84867731,,,,,,,,,,,12.4,0.7,36.6,0.2,8.09,0.05,2850.2,91.3,580.91,74.8,2448.21,81.77,167.27,22.18,26,7.98,23.27,578.31,580.48,2453.43,165.04,2641.73,2.49,3.89
Saccharina latissima (macroalgae),234483,8,0,pCO2=380 ppm,2,,,,tip of the frond,3,1.62769309,,,,,,,,,,,12.4,0.7,36.6,0.2,8.09,0.05,2850.2,91.3,580.91,74.8,2448.21,81.77,167.27,22.18,26,7.98,23.27,578.31,580.48,2453.43,165.04,2641.73,2.49,3.89
Saccharina latissima (macroalgae),234483,13,0,pCO2=380 ppm,2,,,,tip of the frond,2,2.558266955,,,,,,,,,,,12.4,0.7,36.6,0.2,8.09,0.05,2850.2,91.3,580.91,74.8,2448.21,81.77,167.27,22.18,26,7.98,23.27,578.31,580.48,2453.43,165.04,2641.73,2.49,3.89
Saccharina latissima (macroalgae),234483,13,0,pCO2=380 ppm,2,,,,tip of the frond,3,2.512538011,,,,,,,,,,,12.4,0.7,36.6,0.2,8.09,0.05,2850.2,91.3,580.91,74.8,2448.21,81.77,167.27,22.18,26,7.98,23.27,578.31,580.48,2453.43,165.04,2641.73,2.49,3.89
Saccharina latissima (macroalgae),234483,14,0,pCO2=380 ppm,2,,,,tip of the frond,2,0.981093504,,,,,,,,,,,12.4,0.7,36.6,0.2,8.09,0.05,2850.2,91.3,580.91,74.8,2448.21,81.77,167.27,22.18,26,7.98,23.27,578.31,580.48,2453.43,165.04,2641.73,2.49,3.89
Saccharina latissima (macroalgae),234483,16,0,pCO2=380 ppm,3,,,,tip of the frond,2,1.778218986,,,,,,,,,,,12.4,0.7,36.6,0.2,8.09,0.05,2850.2,91.3,580.91,74.8,2448.21,81.77,167.27,22.18,26,7.98,23.27,578.31,580.48,2453.43,165.04,2641.73,2.49,3.89
Saccharina latissima (macroalgae),234483,17,0,pCO2=380 ppm,3,,,,tip of the frond,3,1.233817504,,,,,,,,,,,12.4,0.7,36.6,0.2,8.09,0.05,2850.2,91.3,580.91,74.8,2448.21,81.77,167.27,22.18,26,7.98,23.27,578.31,580.48,2453.43,165.04,2641.73,2.49,3.89
Saccharina latissima (macroalgae),234483,3,0,pCO2=2000 ppm,3,,,,tip of the frond,2,0.751215404,,,,,,,,,,,12.2,0.5,36.6,0.3,7.75,0.04,2908.9,200.7,1392.12,150.62,2708.09,187.81,83.75,9.91,26,7.65,56.48,1394.81,1400.06,2710.48,82.75,2849.71,1.25,1.95
Saccharina latissima (macroalgae),234483,3,0,pCO2=2000 ppm,3,,,,tip of the frond,3,1.02535176,,,,,,,,,,,12.2,0.5,36.6,0.3,7.75,0.04,2908.9,200.7,1392.12,150.62,2708.09,187.81,83.75,9.91,26,7.65,56.48,1394.81,1400.06,2710.48,82.75,2849.71,1.25,1.95
Saccharina latissima (macroalgae),234483,6,0,pCO2=2000 ppm,3,,,,tip of the frond,1,1.452618997,,,,,,,,,,,12.2,0.5,36.6,0.3,7.75,0.04,2908.9,200.7,1392.12,150.62,2708.09,187.81,83.75,9.91,26,7.65,56.48,1394.81,1400.06,2710.48,82.75,2849.71,1.25,1.95
Saccharina latissima (macroalgae),234483,6,0,pCO2=2000 ppm,3,,,,tip of the frond,2,1.047250164,,,,,,,,,,,12.2,0.5,36.6,0.3,7.75,0.04,2908.9,200.7,1392.12,150.62,2708.09,187.81,83.75,9.91,26,7.65,56.48,1394.81,1400.06,2710.48,82.75,2849.71,1.25,1.95
Saccharina latissima (macroalgae),234483,6,0,pCO2=2000 ppm,3,,,,tip of the frond,3,1.071890057,,,,,,,,,,,12.2,0.5,36.6,0.3,7.75,0.04,2908.9,200.7,1392.12,150.62,2708.09,187.81,83.75,9.91,26,7.65,56.48,1394.81,1400.06,2710.48,82.75,2849.71,1.25,1.95
Saccharina latissima (macroalgae),234483,7,0,pCO2=2000 ppm,2,,,,tip of the frond,2,2.860802784,,,,,,,,,,,12.2,0.5,36.6,0.3,7.75,0.04,2908.9,200.7,1392.12,150.62,2708.09,187.81,83.75,9.91,26,7.65,56.48,1394.81,1400.06,2710.48,82.75,2849.71,1.25,1.95
Saccharina latissima (macroalgae),234483,10,0,pCO2=2000 ppm,2,,,,tip of the frond,2,2.060940614,,,,,,,,,,,12.2,0.5,36.6,0.3,7.75,0.04,2908.9,200.7,1392.12,150.62,2708.09,187.81,83.75,9.91,26,7.65,56.48,1394.81,1400.06,2710.48,82.75,2849.71,1.25,1.95
Saccharina latissima (macroalgae),234483,15,0,pCO2=2000 ppm,2,,,,tip of the frond,2,3.994236975,,,,,,,,,,,12.2,0.5,36.6,0.3,7.75,0.04,2908.9,200.7,1392.12,150.62,2708.09,187.81,83.75,9.91,26,7.65,56.48,1394.81,1400.06,2710.48,82.75,2849.71,1.25,1.95
Saccharina latissima (macroalgae),234483,18,0,pCO2=2000 ppm,3,,,,tip of the frond,2,0.872227494,,,,,,,,,,,12.2,0.5,36.6,0.3,7.75,0.04,2908.9,200.7,1392.12,150.62,2708.09,187.81,83.75,9.91,26,7.65,56.48,1394.81,1400.06,2710.48,82.75,2849.71,1.25,1.95
Saccharina latissima (macroalgae),234483,2,4,pCO2=380 ppm,3,,,,tip of the frond,2,1.800049716,,,,,,,,,,,13.1,2.5,35.7,1.2,8.06,0.05,2878.1,165.4,645.15,78.22,2495.17,132.16,160.21,37.73,26,7.95,25.34,640.59,642.97,2502.31,157.11,2684.76,2.39,3.73
Saccharina latissima (macroalgae),234483,2,4,pCO2=380 ppm,3,,,,tip of the frond,3,0.899517613,,,,,,,,,,,13.1,2.5,35.7,1.2,8.06,0.05,2878.1,165.4,645.15,78.22,2495.17,132.16,160.21,37.73,26,7.95,25.34,640.59,642.97,2502.31,157.11,2684.76,2.39,3.73
Saccharina latissima (macroalgae),234483,8,4,pCO2=380 ppm,2,,,,tip of the frond,2,3.339189208,,,,,,,,,,,13.1,2.5,35.7,1.2,8.06,0.05,2878.1,165.4,645.15,78.22,2495.17,132.16,160.21,37.73,26,7.95,25.34,640.59,642.97,2502.31,157.11,2684.76,2.39,3.73
Saccharina latissima (macroalgae),234483,8,4,pCO2=380 ppm,2,,,,tip of the frond,3,1.483498564,,,,,,,,,,,13.1,2.5,35.7,1.2,8.06,0.05,2878.1,165.4,645.15,78.22,2495.17,132.16,160.21,37.73,26,7.95,25.34,640.59,642.97,2502.31,157.11,2684.76,2.39,3.73
Saccharina latissima (macroalgae),234483,13,4,pCO2=380 ppm,2,,,,tip of the frond,2,1.358396017,,,,,,,,,,,13.1,2.5,35.7,1.2,8.06,0.05,2878.1,165.4,645.15,78.22,2495.17,132.16,160.21,37.73,26,7.95,25.34,640.59,642.97,2502.31,157.11,2684.76,2.39,3.73
Saccharina latissima (macroalgae),234483,13,4,pCO2=380 ppm,2,,,,tip of the frond,3,2.886230825,,,,,,,,,,,13.1,2.5,35.7,1.2,8.06,0.05,2878.1,165.4,645.15,78.22,2495.17,132.16,160.21,37.73,26,7.95,25.34,640.59,642.97,2502.31,157.11,2684.76,2.39,3.73
Saccharina latissima (macroalgae),234483,14,4,pCO2=380 ppm,2,,,,tip of the frond,2,1.909479508,,,,,,,,,,,13.1,2.5,35.7,1.2,8.06,0.05,2878.1,165.4,645.15,78.22,2495.17,132.16,160.21,37.73,26,7.95,25.34,640.59,642.97,2502.31,157.11,2684.76,2.39,3.73
Saccharina latissima (macroalgae),234483,16,4,pCO2=380 ppm,3,,,,tip of the frond,2,1.018945628,,,,,,,,,,,13.1,2.5,35.7,1.2,8.06,0.05,2878.1,165.4,645.15,78.22,2495.17,132.16,160.21,37.73,26,7.95,25.34,640.59,642.97,2502.31,157.11,2684.76,2.39,3.73
Saccharina latissima (macroalgae),234483,17,4,pCO2=380 ppm,3,,,,tip of the frond,3,3.349236626,,,,,,,,,,,13.1,2.5,35.7,1.2,8.06,0.05,2878.1,165.4,645.15,78.22,2495.17,132.16,160.21,37.73,26,7.95,25.34,640.59,642.97,2502.31,157.11,2684.76,2.39,3.73
Saccharina latissima (macroalgae),234483,3,4,pCO2=2000 ppm,3,,,,tip of the frond,2,1.070150904,,,,,,,,,,,13.7,2,35.8,1.2,7.77,0.04,2831.3,114.3,1329.14,145.68,2622.84,115.97,86.83,6.69,26,7.66,51.18,1318.8,1323.66,2624.01,86.43,2761.61,1.31,2.05
Saccharina latissima (macroalgae),234483,3,4,pCO2=2000 ppm,3,,,,tip of the frond,3,0.726829431,,,,,,,,,,,13.7,2,35.8,1.2,7.77,0.04,2831.3,114.3,1329.14,145.68,2622.84,115.97,86.83,6.69,26,7.66,51.18,1318.8,1323.66,2624.01,86.43,2761.61,1.31,2.05
Saccharina latissima (macroalgae),234483,6,4,pCO2=2000 ppm,3,,,,tip of the frond,1,1.458981267,,,,,,,,,,,13.7,2,35.8,1.2,7.77,0.04,2831.3,114.3,1329.14,145.68,2622.84,115.97,86.83,6.69,26,7.66,51.18,1318.8,1323.66,2624.01,86.43,2761.61,1.31,2.05
Saccharina latissima (macroalgae),234483,6,4,pCO2=2000 ppm,3,,,,tip of the frond,2,3.909798155,,,,,,,,,,,13.7,2,35.8,1.2,7.77,0.04,2831.3,114.3,1329.14,145.68,2622.84,115.97,86.83,6.69,26,7.66,51.18,1318.8,1323.66,2624.01,86.43,2761.61,1.31,2.05
Saccharina latissima (macroalgae),234483,6,4,pCO2=2000 ppm,3,,,,tip of the frond,3,1.690516098,,,,,,,,,,,13.7,2,35.8,1.2,7.77,0.04,2831.3,114.3,1329.14,145.68,2622.84,115.97,86.83,6.69,26,7.66,51.18,1318.8,1323.66,2624.01,86.43,2761.61,1.31,2.05
Saccharina latissima (macroalgae),234483,7,4,pCO2=2000 ppm,2,,,,tip of the frond,2,2.572826177,,,,,,,,,,,13.7,2,35.8,1.2,7.77,0.04,2831.3,114.3,1329.14,145.68,2622.84,115.97,86.83,6.69,26,7.66,51.18,1318.8,1323.66,2624.01,86.43,2761.61,1.31,2.05
Saccharina latissima (macroalgae),234483,10,4,pCO2=2000 ppm,2,,,,tip of the frond,2,1.433179169,,,,,,,,,,,13.7,2,35.8,1.2,7.77,0.04,2831.3,114.3,1329.14,145.68,2622.84,115.97,86.83,6.69,26,7.66,51.18,1318.8,1323.66,2624.01,86.43,2761.61,1.31,2.05
Saccharina latissima (macroalgae),234483,15,4,pCO2=2000 ppm,2,,,,tip of the frond,2,1.87188277,,,,,,,,,,,13.7,2,35.8,1.2,7.77,0.04,2831.3,114.3,1329.14,145.68,2622.84,115.97,86.83,6.69,26,7.66,51.18,1318.8,1323.66,2624.01,86.43,2761.61,1.31,2.05
Saccharina latissima (macroalgae),234483,18,4,pCO2=2000 ppm,3,,,,tip of the frond,2,1.288968667,,,,,,,,,,,13.7,2,35.8,1.2,7.77,0.04,2831.3,114.3,1329.14,145.68,2622.84,115.97,86.83,6.69,26,7.66,51.18,1318.8,1323.66,2624.01,86.43,2761.61,1.31,2.05
Saccharina latissima (macroalgae),234483,2,4,pCO2=380 ppm,3,,,,base of the frond,1,,,26,30.63052837,,,,,,,,13.1,2.5,35.7,1.2,8.06,0.05,2878.1,165.4,645.15,78.22,2495.17,132.16,160.21,37.73,26,7.95,25.34,640.59,642.97,2502.31,157.11,2684.76,2.39,3.73
Saccharina latissima (macroalgae),234483,8,4,pCO2=380 ppm,2,,,,base of the frond,1,,,29,34.16482011,,,,,,,,13.1,2.5,35.7,1.2,8.06,0.05,2878.1,165.4,645.15,78.22,2495.17,132.16,160.21,37.73,26,7.95,25.34,640.59,642.97,2502.31,157.11,2684.76,2.39,3.73
Saccharina latissima (macroalgae),234483,13,4,pCO2=380 ppm,2,,,,base of the frond,1,,,47,55.37057052,,,,,,,,13.1,2.5,35.7,1.2,8.06,0.05,2878.1,165.4,645.15,78.22,2495.17,132.16,160.21,37.73,26,7.95,25.34,640.59,642.97,2502.31,157.11,2684.76,2.39,3.73
Saccharina latissima (macroalgae),234483,14,4,pCO2=380 ppm,2,,,,base of the frond,1,,,61,71.86393195,,,,,,,,13.1,2.5,35.7,1.2,8.06,0.05,2878.1,165.4,645.15,78.22,2495.17,132.16,160.21,37.73,26,7.95,25.34,640.59,642.97,2502.31,157.11,2684.76,2.39,3.73
Saccharina latissima (macroalgae),234483,16,4,pCO2=380 ppm,3,,,,base of the frond,1,,,26,30.63052837,,,,,,,,13.1,2.5,35.7,1.2,8.06,0.05,2878.1,165.4,645.15,78.22,2495.17,132.16,160.21,37.73,26,7.95,25.34,640.59,642.97,2502.31,157.11,2684.76,2.39,3.73
Saccharina latissima (macroalgae),234483,17,4,pCO2=380 ppm,3,,,,base of the frond,1,,,55,64.79534848,,,,,,,,13.1,2.5,35.7,1.2,8.06,0.05,2878.1,165.4,645.15,78.22,2495.17,132.16,160.21,37.73,26,7.95,25.34,640.59,642.97,2502.31,157.11,2684.76,2.39,3.73
Saccharina latissima (macroalgae),234483,3,4,pCO2=2000 ppm,3,,,,base of the frond,1,,,48,56.54866776,,,,,,,,13.7,2,35.8,1.2,7.77,0.04,2831.3,114.3,1329.14,145.68,2622.84,115.97,86.83,6.69,26,7.66,51.18,1318.8,1323.66,2624.01,86.43,2761.61,1.31,2.05
Saccharina latissima (macroalgae),234483,7,4,pCO2=2000 ppm,2,,,,base of the frond,1,,,60,70.68583471,,,,,,,,13.7,2,35.8,1.2,7.77,0.04,2831.3,114.3,1329.14,145.68,2622.84,115.97,86.83,6.69,26,7.66,51.18,1318.8,1323.66,2624.01,86.43,2761.61,1.31,2.05
Saccharina latissima (macroalgae),234483,10,4,pCO2=2000 ppm,2,,,,base of the frond,1,,,42,49.48008429,,,,,,,,13.7,2,35.8,1.2,7.77,0.04,2831.3,114.3,1329.14,145.68,2622.84,115.97,86.83,6.69,26,7.66,51.18,1318.8,1323.66,2624.01,86.43,2761.61,1.31,2.05
Saccharina latissima (macroalgae),234483,15,4,pCO2=2000 ppm,2,,,,base of the frond,1,,,63,74.22012644,,,,,,,,13.7,2,35.8,1.2,7.77,0.04,2831.3,114.3,1329.14,145.68,2622.84,115.97,86.83,6.69,26,7.66,51.18,1318.8,1323.66,2624.01,86.43,2761.61,1.31,2.05
Saccharina latissima (macroalgae),234483,18,4,pCO2=2000 ppm,3,,,,base of the frond,1,,,32,37.69911184,,,,,,,,13.7,2,35.8,1.2,7.77,0.04,2831.3,114.3,1329.14,145.68,2622.84,115.97,86.83,6.69,26,7.66,51.18,1318.8,1323.66,2624.01,86.43,2761.61,1.31,2.05
Saccharina latissima (macroalgae),234483,17,4,pCO2=380 ppm,3,,,,base of the frond,2,,,32,37.69911184,,,,,,,,13.1,2.5,35.7,1.2,8.06,0.05,2878.1,165.4,645.15,78.22,2495.17,132.16,160.21,37.73,26,7.95,25.34,640.59,642.97,2502.31,157.11,2684.76,2.39,3.73
Saccharina latissima (macroalgae),234483,14,4,pCO2=380 ppm,2,,,,base of the frond,3,,,74,87.17919614,,,,,,,,13.1,2.5,35.7,1.2,8.06,0.05,2878.1,165.4,645.15,78.22,2495.17,132.16,160.21,37.73,26,7.95,25.34,640.59,642.97,2502.31,157.11,2684.76,2.39,3.73
Saccharina latissima (macroalgae),234483,16,4,pCO2=380 ppm,3,,,,base of the frond,3,,,23,27.09623664,,,,,,,,13.1,2.5,35.7,1.2,8.06,0.05,2878.1,165.4,645.15,78.22,2495.17,132.16,160.21,37.73,26,7.95,25.34,640.59,642.97,2502.31,157.11,2684.76,2.39,3.73
Saccharina latissima (macroalgae),234483,7,4,pCO2=2000 ppm,2,,,,base of the frond,3,,,88,103.6725576,,,,,,,,13.7,2,35.8,1.2,7.77,0.04,2831.3,114.3,1329.14,145.68,2622.84,115.97,86.83,6.69,26,7.66,51.18,1318.8,1323.66,2624.01,86.43,2761.61,1.31,2.05
Saccharina latissima (macroalgae),234483,10,4,pCO2=2000 ppm,2,,,,base of the frond,3,,,24,28.27433388,,,,,,,,13.7,2,35.8,1.2,7.77,0.04,2831.3,114.3,1329.14,145.68,2622.84,115.97,86.83,6.69,26,7.66,51.18,1318.8,1323.66,2624.01,86.43,2761.61,1.31,2.05
Saccharina latissima (macroalgae),234483,15,4,pCO2=2000 ppm,2,,,,base of the frond,3,,,66,77.75441818,,,,,,,,13.7,2,35.8,1.2,7.77,0.04,2831.3,114.3,1329.14,145.68,2622.84,115.97,86.83,6.69,26,7.66,51.18,1318.8,1323.66,2624.01,86.43,2761.61,1.31,2.05
Saccharina latissima (macroalgae),234483,18,4,pCO2=2000 ppm,3,,,,base of the frond,3,,,33,38.87720909,,,,,,,,13.7,2,35.8,1.2,7.77,0.04,2831.3,114.3,1329.14,145.68,2622.84,115.97,86.83,6.69,26,7.66,51.18,1318.8,1323.66,2624.01,86.43,2761.61,1.31,2.05
Saccharina latissima (macroalgae),234483,6,4,pCO2=2000 ppm,3,,,,tip of the frond,1,,,15,17.67145868,,,,,,,,13.7,2,35.8,1.2,7.77,0.04,2831.3,114.3,1329.14,145.68,2622.84,115.97,86.83,6.69,26,7.66,51.18,1318.8,1323.66,2624.01,86.43,2761.61,1.31,2.05
Saccharina latissima (macroalgae),234483,2,4,pCO2=380 ppm,3,,,,tip of the frond,2,,,15,17.67145868,,,,,,,,13.1,2.5,35.7,1.2,8.06,0.05,2878.1,165.4,645.15,78.22,2495.17,132.16,160.21,37.73,26,7.95,25.34,640.59,642.97,2502.31,157.11,2684.76,2.39,3.73
Saccharina latissima (macroalgae),234483,13,4,pCO2=380 ppm,2,,,,tip of the frond,2,,,15,17.67145868,,,,,,,,13.1,2.5,35.7,1.2,8.06,0.05,2878.1,165.4,645.15,78.22,2495.17,132.16,160.21,37.73,26,7.95,25.34,640.59,642.97,2502.31,157.11,2684.76,2.39,3.73
Saccharina latissima (macroalgae),234483,14,4,pCO2=380 ppm,2,,,,tip of the frond,2,,,16,18.84955592,,,,,,,,13.1,2.5,35.7,1.2,8.06,0.05,2878.1,165.4,645.15,78.22,2495.17,132.16,160.21,37.73,26,7.95,25.34,640.59,642.97,2502.31,157.11,2684.76,2.39,3.73
Saccharina latissima (macroalgae),234483,16,4,pCO2=380 ppm,3,,,,tip of the frond,2,,,16,18.84955592,,,,,,,,13.1,2.5,35.7,1.2,8.06,0.05,2878.1,165.4,645.15,78.22,2495.17,132.16,160.21,37.73,26,7.95,25.34,640.59,642.97,2502.31,157.11,2684.76,2.39,3.73
Saccharina latissima (macroalgae),234483,3,4,pCO2=2000 ppm,3,,,,tip of the frond,2,,,15,17.67145868,,,,,,,,13.7,2,35.8,1.2,7.77,0.04,2831.3,114.3,1329.14,145.68,2622.84,115.97,86.83,6.69,26,7.66,51.18,1318.8,1323.66,2624.01,86.43,2761.61,1.31,2.05
Saccharina latissima (macroalgae),234483,6,4,pCO2=2000 ppm,3,,,,tip of the frond,2,,,15,17.67145868,,,,,,,,13.7,2,35.8,1.2,7.77,0.04,2831.3,114.3,1329.14,145.68,2622.84,115.97,86.83,6.69,26,7.66,51.18,1318.8,1323.66,2624.01,86.43,2761.61,1.31,2.05
Saccharina latissima (macroalgae),234483,7,4,pCO2=2000 ppm,2,,,,tip of the frond,2,,,15,17.67145868,,,,,,,,13.7,2,35.8,1.2,7.77,0.04,2831.3,114.3,1329.14,145.68,2622.84,115.97,86.83,6.69,26,7.66,51.18,1318.8,1323.66,2624.01,86.43,2761.61,1.31,2.05
Saccharina latissima (macroalgae),234483,10,4,pCO2=2000 ppm,2,,,,tip of the frond,2,,,16,18.84955592,,,,,,,,13.7,2,35.8,1.2,7.77,0.04,2831.3,114.3,1329.14,145.68,2622.84,115.97,86.83,6.69,26,7.66,51.18,1318.8,1323.66,2624.01,86.43,2761.61,1.31,2.05
Saccharina latissima (macroalgae),234483,15,4,pCO2=2000 ppm,2,,,,tip of the frond,2,,,15,17.67145868,,,,,,,,13.7,2,35.8,1.2,7.77,0.04,2831.3,114.3,1329.14,145.68,2622.84,115.97,86.83,6.69,26,7.66,51.18,1318.8,1323.66,2624.01,86.43,2761.61,1.31,2.05
Saccharina latissima (macroalgae),234483,18,4,pCO2=2000 ppm,3,,,,tip of the frond,2,,,17,20.02765317,,,,,,,,13.7,2,35.8,1.2,7.77,0.04,2831.3,114.3,1329.14,145.68,2622.84,115.97,86.83,6.69,26,7.66,51.18,1318.8,1323.66,2624.01,86.43,2761.61,1.31,2.05
Saccharina latissima (macroalgae),234483,2,4,pCO2=380 ppm,3,,,,tip of the frond,3,,,15,17.67145868,,,,,,,,13.1,2.5,35.7,1.2,8.06,0.05,2878.1,165.4,645.15,78.22,2495.17,132.16,160.21,37.73,26,7.95,25.34,640.59,642.97,2502.31,157.11,2684.76,2.39,3.73
Saccharina latissima (macroalgae),234483,8,4,pCO2=380 ppm,2,,,,tip of the frond,3,,,15,17.67145868,,,,,,,,13.1,2.5,35.7,1.2,8.06,0.05,2878.1,165.4,645.15,78.22,2495.17,132.16,160.21,37.73,26,7.95,25.34,640.59,642.97,2502.31,157.11,2684.76,2.39,3.73
Saccharina latissima (macroalgae),234483,13,4,pCO2=380 ppm,2,,,,tip of the frond,3,,,15,17.67145868,,,,,,,,13.1,2.5,35.7,1.2,8.06,0.05,2878.1,165.4,645.15,78.22,2495.17,132.16,160.21,37.73,26,7.95,25.34,640.59,642.97,2502.31,157.11,2684.76,2.39,3.73
Saccharina latissima (macroalgae),234483,3,4,pCO2=2000 ppm,3,,,,tip of the frond,3,,,16,18.84955592,,,,,,,,13.7,2,35.8,1.2,7.77,0.04,2831.3,114.3,1329.14,145.68,2622.84,115.97,86.83,6.69,26,7.66,51.18,1318.8,1323.66,2624.01,86.43,2761.61,1.31,2.05
Saccharina latissima (macroalgae),234483,2,4,pCO2=380 ppm,3,,,,base of the frond,1,,,,,,,,,,,2,13.1,2.5,35.7,1.2,8.06,0.05,2878.1,165.4,645.15,78.22,2495.17,132.16,160.21,37.73,26,7.95,25.34,640.59,642.97,2502.31,157.11,2684.76,2.39,3.73
Saccharina latissima (macroalgae),234483,8,4,pCO2=380 ppm,2,,,,base of the frond,1,,,,,,,,,,,2,13.1,2.5,35.7,1.2,8.06,0.05,2878.1,165.4,645.15,78.22,2495.17,132.16,160.21,37.73,26,7.95,25.34,640.59,642.97,2502.31,157.11,2684.76,2.39,3.73
Saccharina latissima (macroalgae),234483,13,4,pCO2=380 ppm,2,,,,base of the frond,1,,,,,,,,,,,2.5,13.1,2.5,35.7,1.2,8.06,0.05,2878.1,165.4,645.15,78.22,2495.17,132.16,160.21,37.73,26,7.95,25.34,640.59,642.97,2502.31,157.11,2684.76,2.39,3.73
Saccharina latissima (macroalgae),234483,14,4,pCO2=380 ppm,2,,,,base of the frond,1,,,,,,,,,,,1,13.1,2.5,35.7,1.2,8.06,0.05,2878.1,165.4,645.15,78.22,2495.17,132.16,160.21,37.73,26,7.95,25.34,640.59,642.97,2502.31,157.11,2684.76,2.39,3.73
Saccharina latissima (macroalgae),234483,16,4,pCO2=380 ppm,3,,,,base of the frond,1,,,,,,,,,,,3.5,13.1,2.5,35.7,1.2,8.06,0.05,2878.1,165.4,645.15,78.22,2495.17,132.16,160.21,37.73,26,7.95,25.34,640.59,642.97,2502.31,157.11,2684.76,2.39,3.73
Saccharina latissima (macroalgae),234483,17,4,pCO2=380 ppm,3,,,,base of the frond,1,,,,,,,,,,,2,13.1,2.5,35.7,1.2,8.06,0.05,2878.1,165.4,645.15,78.22,2495.17,132.16,160.21,37.73,26,7.95,25.34,640.59,642.97,2502.31,157.11,2684.76,2.39,3.73
Saccharina latissima (macroalgae),234483,17,4,pCO2=380 ppm,3,,,,base of the frond,2,,,,,,,,,,,2,13.1,2.5,35.7,1.2,8.06,0.05,2878.1,165.4,645.15,78.22,2495.17,132.16,160.21,37.73,26,7.95,25.34,640.59,642.97,2502.31,157.11,2684.76,2.39,3.73
Saccharina latissima (macroalgae),234483,14,4,pCO2=380 ppm,2,,,,base of the frond,3,,,,,,,,,,,2.5,13.1,2.5,35.7,1.2,8.06,0.05,2878.1,165.4,645.15,78.22,2495.17,132.16,160.21,37.73,26,7.95,25.34,640.59,642.97,2502.31,157.11,2684.76,2.39,3.73
Saccharina latissima (macroalgae),234483,16,4,pCO2=380 ppm,3,,,,base of the frond,3,,,,,,,,,,,2,13.1,2.5,35.7,1.2,8.06,0.05,2878.1,165.4,645.15,78.22,2495.17,132.16,160.21,37.73,26,7.95,25.34,640.59,642.97,2502.31,157.11,2684.76,2.39,3.73
Saccharina latissima (macroalgae),234483,3,4,pCO2=2000 ppm,3,,,,base of the frond,1,,,,,,,,,,,1.5,13.7,2,35.8,1.2,7.77,0.04,2831.3,114.3,1329.14,145.68,2622.84,115.97,86.83,6.69,26,7.66,51.18,1318.8,1323.66,2624.01,86.43,2761.61,1.31,2.05
Saccharina latissima (macroalgae),234483,7,4,pCO2=2000 ppm,2,,,,base of the frond,1,,,,,,,,,,,2.5,13.7,2,35.8,1.2,7.77,0.04,2831.3,114.3,1329.14,145.68,2622.84,115.97,86.83,6.69,26,7.66,51.18,1318.8,1323.66,2624.01,86.43,2761.61,1.31,2.05
Saccharina latissima (macroalgae),234483,10,4,pCO2=2000 ppm,2,,,,base of the frond,1,,,,,,,,,,,1,13.7,2,35.8,1.2,7.77,0.04,2831.3,114.3,1329.14,145.68,2622.84,115.97,86.83,6.69,26,7.66,51.18,1318.8,1323.66,2624.01,86.43,2761.61,1.31,2.05
Saccharina latissima (macroalgae),234483,15,4,pCO2=2000 ppm,2,,,,base of the frond,1,,,,,,,,,,,2.5,13.7,2,35.8,1.2,7.77,0.04,2831.3,114.3,1329.14,145.68,2622.84,115.97,86.83,6.69,26,7.66,51.18,1318.8,1323.66,2624.01,86.43,2761.61,1.31,2.05
Saccharina latissima (macroalgae),234483,18,4,pCO2=2000 ppm,3,,,,base of the frond,1,,,,,,,,,,,5,13.7,2,35.8,1.2,7.77,0.04,2831.3,114.3,1329.14,145.68,2622.84,115.97,86.83,6.69,26,7.66,51.18,1318.8,1323.66,2624.01,86.43,2761.61,1.31,2.05
Saccharina latissima (macroalgae),234483,7,4,pCO2=2000 ppm,2,,,,base of the frond,3,,,,,,,,,,,0.5,13.7,2,35.8,1.2,7.77,0.04,2831.3,114.3,1329.14,145.68,2622.84,115.97,86.83,6.69,26,7.66,51.18,1318.8,1323.66,2624.01,86.43,2761.61,1.31,2.05
Saccharina latissima (macroalgae),234483,10,4,pCO2=2000 ppm,2,,,,base of the frond,3,,,,,,,,,,,1,13.7,2,35.8,1.2,7.77,0.04,2831.3,114.3,1329.14,145.68,2622.84,115.97,86.83,6.69,26,7.66,51.18,1318.8,1323.66,2624.01,86.43,2761.61,1.31,2.05
Saccharina latissima (macroalgae),234483,15,4,pCO2=2000 ppm,2,,,,base of the frond,3,,,,,,,,,,,3,13.7,2,35.8,1.2,7.77,0.04,2831.3,114.3,1329.14,145.68,2622.84,115.97,86.83,6.69,26,7.66,51.18,1318.8,1323.66,2624.01,86.43,2761.61,1.31,2.05
Saccharina latissima (macroalgae),234483,18,4,pCO2=2000 ppm,3,,,,base of the frond,3,,,,,,,,,,,3.5,13.7,2,35.8,1.2,7.77,0.04,2831.3,114.3,1329.14,145.68,2622.84,115.97,86.83,6.69,26,7.66,51.18,1318.8,1323.66,2624.01,86.43,2761.61,1.31,2.05
Saccharina latissima (macroalgae),234483,13,0,pCO2=380 ppm,2,,,,,,,,,,0.0109,0.0435,0.5173,0.1209,0.1672,0.0326,,12.4,0.7,36.6,0.2,8.09,0.05,2850.2,91.3,580.91,74.8,2448.21,81.77,167.27,22.18,26,7.98,23.27,578.31,580.48,2453.43,165.04,2641.73,2.49,3.89
Saccharina latissima (macroalgae),234483,14,0,pCO2=380 ppm,2,,,,,,,,,,0.0091,0.0294,0.501,0.1054,0.1683,0.0203,,12.4,0.7,36.6,0.2,8.09,0.05,2850.2,91.3,580.91,74.8,2448.21,81.77,167.27,22.18,26,7.98,23.27,578.31,580.48,2453.43,165.04,2641.73,2.49,3.89
Saccharina latissima (macroalgae),234483,16,0,pCO2=380 ppm,3,,,,,,,,,,0.0114,0.0395,0.4961,0.0954,0.0961,0.0281,,12.4,0.7,36.6,0.2,8.09,0.05,2850.2,91.3,580.91,74.8,2448.21,81.77,167.27,22.18,26,7.98,23.27,578.31,580.48,2453.43,165.04,2641.73,2.49,3.89
Saccharina latissima (macroalgae),234483,17,0,pCO2=380 ppm,3,,,,,,,,,,0.0135,0.0213,0.4792,0.0979,0.1471,0.0078,,12.4,0.7,36.6,0.2,8.09,0.05,2850.2,91.3,580.91,74.8,2448.21,81.77,167.27,22.18,26,7.98,23.27,578.31,580.48,2453.43,165.04,2641.73,2.49,3.89
Saccharina latissima (macroalgae),234483,3,0,pCO2=2000 ppm,3,,,,,,,,,,0.011,0.0101,0.5106,0.1432,0.0629,,,12.2,0.5,36.6,0.3,7.75,0.04,2908.9,200.7,1392.12,150.62,2708.09,187.81,83.75,9.91,26,7.65,56.48,1394.81,1400.06,2710.48,82.75,2849.71,1.25,1.95
Saccharina latissima (macroalgae),234483,7,0,pCO2=2000 ppm,2,,,,,,,,,,0.021,0.2896,0.6642,0.3148,0.2269,0.03245,,12.2,0.5,36.6,0.3,7.75,0.04,2908.9,200.7,1392.12,150.62,2708.09,187.81,83.75,9.91,26,7.65,56.48,1394.81,1400.06,2710.48,82.75,2849.71,1.25,1.95
Saccharina latissima (macroalgae),234483,10,0,pCO2=2000 ppm,2,,,,,,,,,,0.0186,0.0415,0.5043,0.1072,0.1491,0.0229,,12.2,0.5,36.6,0.3,7.75,0.04,2908.9,200.7,1392.12,150.62,2708.09,187.81,83.75,9.91,26,7.65,56.48,1394.81,1400.06,2710.48,82.75,2849.71,1.25,1.95
Saccharina latissima (macroalgae),234483,15,0,pCO2=2000 ppm,2,,,,,,,,,,0.0163,0.0395,0.5863,0.1158,0.1099,0.0232,,12.2,0.5,36.6,0.3,7.75,0.04,2908.9,200.7,1392.12,150.62,2708.09,187.81,83.75,9.91,26,7.65,56.48,1394.81,1400.06,2710.48,82.75,2849.71,1.25,1.95
Saccharina latissima (macroalgae),234483,18,0,pCO2=2000 ppm,3,,,,,,,,,,0.0088,0.0192,0.4779,0.1245,0.0721,0.0104,,12.2,0.5,36.6,0.3,7.75,0.04,2908.9,200.7,1392.12,150.62,2708.09,187.81,83.75,9.91,26,7.65,56.48,1394.81,1400.06,2710.48,82.75,2849.71,1.25,1.95
Saccharina latissima (macroalgae),234483,13,4,pCO2=380 ppm,2,,,,,,,,,,0.0232,0.0476,0.6533,0.096,0.5161,0.0244,,13.1,2.5,35.7,1.2,8.06,0.05,2878.1,165.4,645.15,78.22,2495.17,132.16,160.21,37.73,26,7.95,25.34,640.59,642.97,2502.31,157.11,2684.76,2.39,3.73
Saccharina latissima (macroalgae),234483,14,4,pCO2=380 ppm,2,,,,,,,,,,0.0215,0.0567,0.5585,0.0872,0.5388,0.0352,,13.1,2.5,35.7,1.2,8.06,0.05,2878.1,165.4,645.15,78.22,2495.17,132.16,160.21,37.73,26,7.95,25.34,640.59,642.97,2502.31,157.11,2684.76,2.39,3.73
Saccharina latissima (macroalgae),234483,16,4,pCO2=380 ppm,3,,,,,,,,,,0.0179,0.1165,0.4924,0.2861,0.1102,0.0986,,13.1,2.5,35.7,1.2,8.06,0.05,2878.1,165.4,645.15,78.22,2495.17,132.16,160.21,37.73,26,7.95,25.34,640.59,642.97,2502.31,157.11,2684.76,2.39,3.73
Saccharina latissima (macroalgae),234483,17,4,pCO2=380 ppm,3,,,,,,,,,,0.0161,0.0344,0.497,0.0606,0.4626,0.0183,,13.1,2.5,35.7,1.2,8.06,0.05,2878.1,165.4,645.15,78.22,2495.17,132.16,160.21,37.73,26,7.95,25.34,640.59,642.97,2502.31,157.11,2684.76,2.39,3.73
Saccharina latissima (macroalgae),234483,3,4,pCO2=2000 ppm,3,,,,,,,,,,0.0253,0.8669,0.4915,2.441,0.1975,,,13.7,2,35.8,1.2,7.77,0.04,2831.3,114.3,1329.14,145.68,2622.84,115.97,86.83,6.69,26,7.66,51.18,1318.8,1323.66,2624.01,86.43,2761.61,1.31,2.05
Saccharina latissima (macroalgae),234483,7,4,pCO2=2000 ppm,2,,,,,,,,,,0.0237,0.0506,0.5279,0.0794,0.7313,0.0269,,13.7,2,35.8,1.2,7.77,0.04,2831.3,114.3,1329.14,145.68,2622.84,115.97,86.83,6.69,26,7.66,51.18,1318.8,1323.66,2624.01,86.43,2761.61,1.31,2.05
Saccharina latissima (macroalgae),234483,10,4,pCO2=2000 ppm,2,,,,,,,,,,0.0181,0.0395,0.5021,0.0515,0.4593,0.0214,,13.7,2,35.8,1.2,7.77,0.04,2831.3,114.3,1329.14,145.68,2622.84,115.97,86.83,6.69,26,7.66,51.18,1318.8,1323.66,2624.01,86.43,2761.61,1.31,2.05
Saccharina latissima (macroalgae),234483,15,4,pCO2=2000 ppm,2,,,,,,,,,,0.0412,0.5661,0.541,0.7871,0.1345,0.5249,,13.7,2,35.8,1.2,7.77,0.04,2831.3,114.3,1329.14,145.68,2622.84,115.97,86.83,6.69,26,7.66,51.18,1318.8,1323.66,2624.01,86.43,2761.61,1.31,2.05
Saccharina latissima (macroalgae),234483,18,4,pCO2=2000 ppm,3,,,,,,,,,,0.0366,1.7946,0.4754,3.2015,0.1999,,,13.7,2,35.8,1.2,7.77,0.04,2831.3,114.3,1329.14,145.68,2622.84,115.97,86.83,6.69,26,7.66,51.18,1318.8,1323.66,2624.01,86.43,2761.61,1.31,2.05
